Date,mean_sim
2010-04-05,
2010-04-06,
2010-04-07,
2010-04-08,
2010-04-09,
2010-04-12,
2010-04-13,
2010-04-14,
2010-04-15,
2010-04-16,
2010-04-19,
2010-04-20,
2010-04-21,20.652750696219897
2010-04-22,20.73751478539642
2010-04-23,20.661079418659245
2010-04-26,20.584718821448604
2010-04-27,20.712810988220355
2010-04-28,21.220479206982354
2010-04-29,21.24047327856534
2010-04-30,21.130786644011543
2010-05-03,21.726089034908146
2010-05-04,22.089655040983775
2010-05-05,22.785225739941247
2010-05-06,23.240348757870716
2010-05-07,23.422070371964516
2010-05-10,21.698216966224685
2010-05-11,23.651661042915766
2010-05-12,24.919154853037828
2010-05-13,25.423435698751362
2010-05-14,26.04462235303073
2010-05-17,27.213217314447345
2010-05-18,27.955489179091625
2010-05-19,29.010483209154156
2010-05-20,29.686655370750366
2010-05-21,31.103478852226147
2010-05-24,30.404866434731957
2010-05-25,29.856068212993613
2010-05-26,30.284420605434196
2010-05-27,30.96548961517178
2010-05-28,31.466662722213666
2010-06-01,31.806572308795072
2010-06-02,32.07845827092122
2010-06-03,31.831909771568075
2010-06-04,31.638979106588934
2010-06-07,32.04641484756802
2010-06-08,31.92454621835757
2010-06-09,31.391403723184663
2010-06-10,31.44864578557769
2010-06-11,30.998707972498746
2010-06-14,30.659307184302993
2010-06-15,30.72010120974233
2010-06-16,30.094660607207718
2010-06-17,29.90722622725744
2010-06-18,29.695617981782394
2010-06-21,29.42189100120302
2010-06-22,29.10927541542041
2010-06-23,28.943560971453238
2010-06-24,28.93369914548786
2010-06-25,29.204669552242528
2010-06-28,29.147660437432997
2010-06-29,29.409041528988816
2010-06-30,30.402813788066965
2010-07-01,30.93457797031755
2010-07-02,31.347511253403216
2010-07-06,31.552113465367448
2010-07-07,31.904640921189422
2010-07-08,31.83252538852624
2010-07-09,31.863531556075486
2010-07-12,31.831226097243878
2010-07-13,31.650625254928922
2010-07-14,31.61982527614336
2010-07-15,31.720007392049723
2010-07-16,31.59718021261663
2010-07-19,31.761671321842112
2010-07-20,31.416470149607992
2010-07-21,30.851533359961287
2010-07-22,30.754185838340398
2010-07-23,30.4022716884304
2010-07-26,30.051791553599784
2010-07-27,29.749939141877217
2010-07-28,29.46803412433949
2010-07-29,29.46505590550433
2010-07-30,29.269304364976485
2010-08-02,29.05511834077007
2010-08-03,28.550255080261323
2010-08-04,28.4839727532464
2010-08-05,28.370158044930193
2010-08-06,28.338161914162686
2010-08-09,28.34425857737914
2010-08-10,28.300936748784185
2010-08-11,28.537260376665014
2010-08-12,29.214004953042746
2010-08-13,29.44904190255337
2010-08-16,29.84223303549503
2010-08-17,29.931620073523767
2010-08-18,29.84001905040802
2010-08-19,30.08170962708295
2010-08-20,30.690001428156876
2010-08-23,30.8470421938715
2010-08-24,31.015673553171126
2010-08-25,31.561550666158936
2010-08-26,31.56357310296908
2010-08-27,31.671567098514764
2010-08-30,31.00546208417355
2010-08-31,31.340603268714606
2010-09-01,31.06731584675286
2010-09-02,30.96709647792609
2010-09-03,30.678536902389247
2010-09-07,30.121733433952123
2010-09-08,30.094599501177445
2010-09-09,29.69940402901811
2010-09-10,29.308102323568175
2010-09-13,29.085836317433767
2010-09-14,28.390748122286492
2010-09-15,28.346119311312098
2010-09-16,27.932121486358156
2010-09-17,27.733177563566848
2010-09-20,27.594794130015227
2010-09-21,27.36192281097313
2010-09-22,27.360984992419823
2010-09-23,27.247858482015005
2010-09-24,27.414567188124874
2010-09-27,27.00416529333803
2010-09-28,26.935890897599748
2010-09-29,26.987749753428762
2010-09-30,27.1500651943308
2010-10-01,27.363269151700315
2010-10-04,27.698684987939977
2010-10-05,27.928102337445573
2010-10-06,27.75724424168612
2010-10-07,27.768216333114452
2010-10-08,27.77004655449281
2010-10-11,27.404607592875774
2010-10-12,27.311760293838056
2010-10-13,27.005104217109817
2010-10-14,26.708853775750836
2010-10-15,26.783829302611526
2010-10-18,26.529176948856424
2010-10-19,26.055806306943023
2010-10-20,25.96087133206095
2010-10-21,25.53538340062018
2010-10-22,25.231566372485233
2010-10-25,24.75431435956334
2010-10-26,24.386913293821234
2010-10-27,24.250007070800486
2010-10-28,24.24992245533899
2010-10-29,24.185289619804557
2010-11-01,24.076736509674923
2010-11-02,24.945140367717837
2010-11-03,24.96072261123017
2010-11-04,24.50586844375987
2010-11-05,24.076387483288762
2010-11-08,23.903511563453034
2010-11-09,24.060752367891496
2010-11-10,24.199139904065063
2010-11-11,24.10129521762623
2010-11-12,24.20840400265297
2010-11-15,24.56922342968021
2010-11-16,24.610958406108704
2010-11-17,24.545708661107184
2010-11-18,24.44613684048475
2010-11-19,23.992416438412864
2010-11-22,23.987352419584074
2010-11-23,23.762511147969743
2010-11-24,24.094558031143208
2010-11-26,23.660252117861575
2010-11-29,24.097473630935877
2010-11-30,24.103298321324615
2010-12-01,24.54457402136062
2010-12-02,24.803592351662672
2010-12-03,24.15283572160551
2010-12-06,23.80620218195511
2010-12-07,23.863494616193403
2010-12-08,23.78451336630506
2010-12-09,23.58910521088654
2010-12-10,23.24794640613394
2010-12-13,23.11684612962196
2010-12-14,22.917117091220497
2010-12-15,22.80211201240715
2010-12-16,22.571078969568255
2010-12-17,22.17657753884635
2010-12-20,22.048066906473984
2010-12-21,21.804849177788878
2010-12-22,21.60116805117673
2010-12-23,21.402946344222336
2010-12-27,21.4814249624577
2010-12-28,21.519203536607026
2010-12-29,21.620463388696823
2010-12-30,21.523263132050314
2010-12-31,21.480218416705704
2011-01-03,21.3834965079896
2011-01-04,22.08835619670393
2011-01-05,22.209532632647075
2011-01-06,22.071154135913414
2011-01-07,22.150213698893833
2011-01-10,22.287068208714174
2011-01-11,22.29749005163433
2011-01-12,22.23987816402474
2011-01-13,21.992435378109423
2011-01-14,21.931349588490967
2011-01-18,21.649187100266925
2011-01-19,21.44440770915146
2011-01-20,21.364058710313387
2011-01-21,21.208791065539486
2011-01-24,21.10010572772772
2011-01-25,20.77628436682789
2011-01-26,20.674444281268872
2011-01-27,20.259894452985506
2011-01-28,19.87379011132355
2011-01-31,20.275505365929327
2011-02-01,20.21080430027104
2011-02-02,20.214003814479334
2011-02-03,20.292799539113528
2011-02-04,20.191955427565112
2011-02-07,20.004986656092893
2011-02-08,19.70544693927167
2011-02-09,19.635830446028855
2011-02-10,19.556045952245913
2011-02-11,19.55664698921635
2011-02-14,19.499558606973956
2011-02-15,19.286765708133004
2011-02-16,19.2325124877279
2011-02-17,19.218848506272163
2011-02-18,19.240224375442462
2011-02-22,19.23973130818675
2011-02-23,20.072969989972517
2011-02-24,20.485561230458337
2011-02-25,20.510548985386798
2011-02-28,20.37916788623651
2011-03-01,20.066349974680033
2011-03-02,21.06254019944338
2011-03-03,21.263125166952406
2011-03-04,21.208883955894827
2011-03-07,21.611010177920654
2011-03-08,21.904763277081948
2011-03-09,22.020374222595628
2011-03-10,22.106663804481947
2011-03-11,22.277204252212307
2011-03-14,22.183973228230467
2011-03-15,22.39444670625439
2011-03-16,23.016541844760596
2011-03-17,23.364668927338993
2011-03-18,23.253847903889863
2011-03-21,23.229197916906227
2011-03-22,22.761182921015216
2011-03-23,22.689326366947153
2011-03-24,22.466736363818544
2011-03-25,22.159125436614055
2011-03-28,22.016914325722027
2011-03-29,22.074153923076842
2011-03-30,21.82080789745158
2011-03-31,21.489641055663192
2011-04-01,21.069017846700213
2011-04-04,21.119474094353407
2011-04-05,20.900972748072135
2011-04-06,20.885708206585328
2011-04-07,20.76601525205484
2011-04-08,20.87761090881175
2011-04-11,21.053044667770838
2011-04-12,21.14399252401093
2011-04-13,21.088593332580395
2011-04-14,21.035564532193018
2011-04-15,21.119772467828035
2011-04-18,21.114828131238845
2011-04-19,21.183963943471298
2011-04-20,21.008140891928594
2011-04-21,20.744474905376602
2011-04-25,20.629282412085242
2011-04-26,20.361256220502952
2011-04-27,20.07438777466972
2011-04-28,19.824991355830583
2011-04-29,19.5255980153903
2011-05-02,19.30912304717564
2011-05-03,19.645993513819032
2011-05-04,19.839196129963558
2011-05-05,19.7063929228377
2011-05-06,19.849652430237796
2011-05-09,19.83419986635844
2011-05-10,19.814483488239542
2011-05-11,19.64808312739459
2011-05-12,19.89744847851774
2011-05-13,19.867228295982652
2011-05-16,20.139156579882584
2011-05-17,20.319004477414786
2011-05-18,20.1262149761813
2011-05-19,19.88848395905414
2011-05-20,19.748960432016993
2011-05-23,19.738959800765816
2011-05-24,19.89969121716031
2011-05-25,19.86152777192805
2011-05-26,19.844414900669246
2011-05-27,19.52273162251975
2011-05-31,19.383682465715392
2011-06-01,19.17583987754435
2011-06-02,19.766836157697195
2011-06-03,19.79649492887255
2011-06-06,19.842816879962573
2011-06-07,19.919990434985436
2011-06-08,19.875463664835895
2011-06-09,19.888764011406014
2011-06-10,19.72788051658078
2011-06-13,19.998989441426648
2011-06-14,20.17562091644116
2011-06-15,19.933133234250136
2011-06-16,20.62127397039918
2011-06-17,20.994058468798986
2011-06-20,20.96065206508484
2011-06-21,20.677855692172642
2011-06-22,20.577955508870698
2011-06-23,20.77635188489919
2011-06-24,20.711687966088753
2011-06-27,21.080794937468173
2011-06-28,20.839846012169122
2011-06-29,20.573226086940924
2011-06-30,20.32212785644286
2011-07-01,20.021718850039065
2011-07-05,19.983160317965527
2011-07-06,19.950504933012397
2011-07-07,19.955057824600445
2011-07-08,19.775595490086527
2011-07-11,19.756063419225125
2011-07-12,20.05131535110237
2011-07-13,20.167824189681255
2011-07-14,20.416597667033848
2011-07-15,20.589144078176876
2011-07-18,20.66807999849762
2011-07-19,21.080346948675928
2011-07-20,20.846638491950547
2011-07-21,20.818592823174086
2011-07-22,20.518143901636655
2011-07-25,20.486900483716795
2011-07-26,20.58939272386465
2011-07-27,20.700766505712693
2011-07-28,21.032367675995022
2011-07-29,21.105641526379873
2011-08-01,20.78869164457385
2011-08-02,20.81398165722195
2011-08-03,21.035173369887453
2011-08-04,21.19760836750655
2011-08-05,22.456661801540122
2011-08-08,22.8065408491568
2011-08-09,23.227673079594194
2011-08-10,23.40518852705073
2011-08-11,24.41519605049431
2011-08-12,24.487084326710814
2011-08-15,24.961317823068207
2011-08-16,25.34145858040788
2011-08-17,25.870986812196925
2011-08-18,26.41151465673468
2011-08-19,28.63924313548773
2011-08-22,29.077715091649303
2011-08-23,29.67227513843809
2011-08-24,28.86308778997036
2011-08-25,29.303384488677278
2011-08-26,29.24989234212361
2011-08-29,29.445065818547487
2011-08-30,29.391592452577573
2011-08-31,30.11821033975014
2011-09-01,30.274323845667606
2011-09-02,30.360527724821264
2011-09-06,30.40522245232614
2011-09-07,30.556446997763956
2011-09-08,30.023374692359504
2011-09-09,30.15393275751272
2011-09-12,30.98859896820834
2011-09-13,31.237822641732574
2011-09-14,31.36734796898919
2011-09-15,31.511921320728533
2011-09-16,31.134261022027964
2011-09-19,31.130641604363195
2011-09-20,31.55027443292226
2011-09-21,31.394839187967623
2011-09-22,32.272574950347376
2011-09-23,33.39777113456583
2011-09-26,33.62463518661467
2011-09-27,33.12854454018818
2011-09-28,32.99859242477539
2011-09-29,33.78692582367789
2011-09-30,33.74667875293182
2011-10-03,34.90983945413011
2011-10-04,35.129881000137495
2011-10-05,34.70924980330448
2011-10-06,34.49446673847522
2011-10-07,34.30476058275172
2011-10-10,34.035470949030056
2011-10-11,33.253581950058745
2011-10-12,33.25044068340783
2011-10-13,32.6528438138927
2011-10-14,32.25737543072523
2011-10-17,31.769667362820506
2011-10-18,31.279892272804567
2011-10-19,30.654417763029674
2011-10-20,30.794432630906673
2011-10-21,30.694882475922718
2011-10-24,29.970844798827237
2011-10-25,29.329285807844073
2011-10-26,29.769429159742124
2011-10-27,29.21408221326715
2011-10-28,28.04654506622787
2011-10-31,27.83506797626181
2011-11-01,28.459712987777714
2011-11-02,29.725607271079404
2011-11-03,29.647820326161927
2011-11-04,29.224471137975442
2011-11-07,29.33342250799822
2011-11-08,29.399369244314325
2011-11-09,29.180518960458205
2011-11-10,30.924015060578043
2011-11-11,30.637194978667523
2011-11-14,30.86536941013537
2011-11-15,31.59438159526285
2011-11-16,31.70901640325783
2011-11-17,31.975564690910037
2011-11-18,32.619118578641626
2011-11-21,32.49192210848599
2011-11-22,32.904047121925764
2011-11-23,32.97605348131991
2011-11-25,33.762844937224095
2011-11-28,33.63310957780447
2011-11-29,33.152458299060086
2011-11-30,33.14417919428862
2011-12-01,32.268900047511764
2011-12-02,32.17129771076107
2011-12-05,31.894832425230163
2011-12-06,31.390555845263336
2011-12-07,31.27376478931914
2011-12-08,31.036277023534772
2011-12-09,31.260904166056623
2011-12-12,30.40498998618271
2011-12-13,30.215045226451632
2011-12-14,30.110814291976435
2011-12-15,30.141096046929313
2011-12-16,29.989830356573428
2011-12-19,29.77706597740858
2011-12-20,29.58753335764588
2011-12-21,28.886370499102043
2011-12-22,28.28751807360266
2011-12-23,28.079910141638425
2011-12-27,27.72608099356783
2011-12-28,27.42333869392843
2011-12-29,27.302291011075287
2011-12-30,26.82244916511983
2012-01-03,26.670665496149855
2012-01-04,26.421221828351854
2012-01-05,26.06346922629018
2012-01-06,25.77814924402951
2012-01-09,25.60539831019421
2012-01-10,25.668336988329585
2012-01-11,25.493092704545404
2012-01-12,25.475573173532077
2012-01-13,25.387343003416287
2012-01-17,25.3743811032838
2012-01-18,25.304464147641003
2012-01-19,24.981168684972847
2012-01-20,24.62130366546508
2012-01-23,24.314563412592545
2012-01-24,24.021377705105824
2012-01-25,23.888472454932273
2012-01-26,23.53660736655333
2012-01-27,23.40775152563653
2012-01-30,23.080344457347763
2012-01-31,22.917775363702532
2012-02-01,22.76869003322702
2012-02-02,22.940548751088553
2012-02-03,22.73794137828996
2012-02-06,22.423978104285325
2012-02-07,22.185814512928086
2012-02-08,22.092365273131012
2012-02-09,22.241701398273936
2012-02-10,22.58310501974742
2012-02-13,22.978524099857214
2012-02-14,22.93336981112685
2012-02-15,23.044674189981237
2012-02-16,23.82609542987369
2012-02-17,23.534974001537655
2012-02-21,23.647111659354728
2012-02-22,24.008894421068696
2012-02-23,23.933461539812235
2012-02-24,23.70861167181985
2012-02-27,24.100178776662805
2012-02-28,24.25013682525343
2012-02-29,23.998705801206167
2012-03-01,24.11506459704377
2012-03-02,24.46406178696935
2012-03-05,24.43808991956763
2012-03-06,24.60297463439038
2012-03-07,25.086879877865716
2012-03-08,24.722702814015914
2012-03-09,24.528867730037046
2012-03-12,24.636613011628782
2012-03-13,24.267520746782505
2012-03-14,23.993958426021482
2012-03-15,24.250958451966692
2012-03-16,24.199769127216786
2012-03-19,24.03312101215676
2012-03-20,23.56802311336798
2012-03-21,23.213574847128758
2012-03-22,22.50607269168408
2012-03-23,22.310799487586976
2012-03-26,21.838350618309107
2012-03-27,21.194543028809015
2012-03-28,21.1405633201721
2012-03-29,20.883309446806475
2012-03-30,20.499388366047256
2012-04-02,20.002986980965968
2012-04-03,20.034724847479886
2012-04-04,20.04226880635478
2012-04-05,20.168237492616296
2012-04-09,20.43498924852977
2012-04-10,20.83897286110675
2012-04-11,21.23198031336869
2012-04-12,21.64303820386068
2012-04-13,21.294843330819663
2012-04-16,21.96136707289311
2012-04-17,22.213322737587927
2012-04-18,22.115829708852342
2012-04-19,22.249275310168095
2012-04-20,22.316535109467846
2012-04-23,22.201693700411855
2012-04-24,22.428448416300213
2012-04-25,22.063418040501013
2012-04-26,21.50619843523481
2012-04-27,21.110363442222777
2012-04-30,21.103792311576623
2012-05-01,20.929192008225257
2012-05-02,21.141851916518473
2012-05-03,21.22027651435966
2012-05-04,21.296571500683307
2012-05-07,21.575056646771092
2012-05-08,21.358707485961627
2012-05-09,21.461470033900795
2012-05-10,21.849342098321937
2012-05-11,21.758612721250106
2012-05-14,22.13181358662517
2012-05-15,22.83697307784757
2012-05-16,23.296029188458647
2012-05-17,23.5679160343172
2012-05-18,24.30183061639925
2012-05-21,24.880178014730213
2012-05-22,24.473169483510905
2012-05-23,24.945450576403154
2012-05-24,25.21161426554117
2012-05-25,25.32584391272752
2012-05-29,25.649898892670087
2012-05-30,25.30283654241259
2012-05-31,26.19398793224291
2012-06-01,26.42785833267439
2012-06-04,27.309476583180334
2012-06-05,27.19970912776521
2012-06-06,26.84044258222586
2012-06-07,26.527531917902454
2012-06-08,26.38328702025218
2012-06-11,25.88493851789228
2012-06-12,26.741495258007912
2012-06-13,26.53640377321486
2012-06-14,27.322335404094385
2012-06-15,26.62549255332988
2012-06-18,26.090514920289117
2012-06-19,25.261364260443578
2012-06-20,24.86706219947929
2012-06-21,24.385322825399253
2012-06-22,24.76627612805371
2012-06-25,24.37028807869731
2012-06-26,24.53383859480702
2012-06-27,23.998668250229855
2012-06-28,23.80561278459879
2012-06-29,23.350733882856783
2012-07-02,22.742755895277526
2012-07-03,22.748322701555473
2012-07-05,22.532596865258554
2012-07-06,22.69866395864622
2012-07-09,22.588878596646904
2012-07-10,22.256021944648126
2012-07-11,22.413956016491408
2012-07-12,22.147849269782025
2012-07-13,22.170524114427355
2012-07-16,21.727570989329436
2012-07-17,21.514604157956754
2012-07-18,21.342763855872875
2012-07-19,21.12538747720351
2012-07-20,20.938581053551765
2012-07-23,20.977563696671982
2012-07-24,21.47926701441597
2012-07-25,21.8510619425645
2012-07-26,21.577629932520598
2012-07-27,20.959632142494648
2012-07-30,20.77991629745087
2012-07-31,21.06202757461725
2012-08-01,21.192508471333554
2012-08-02,21.88916099404072
2012-08-03,21.845428479616253
2012-08-06,21.53220338408274
2012-08-07,21.42390899827087
2012-08-08,21.414949459749238
2012-08-09,20.882231027241744
2012-08-10,20.900939309985002
2012-08-13,20.851788057382503
2012-08-14,20.756050120517834
2012-08-15,20.886821972118373
2012-08-16,20.88022921779249
2012-08-17,20.505286194150358
2012-08-20,20.370430944124767
2012-08-21,20.384427057941643
2012-08-22,20.480273241377628
2012-08-23,20.605336408017045
2012-08-24,20.79876578363125
2012-08-27,20.71501775181538
2012-08-28,20.814689233736924
2012-08-29,20.96624300424172
2012-08-30,21.076926219229836
2012-08-31,21.161255117805652
2012-09-04,20.938353345983295
2012-09-05,21.654846223411543
2012-09-06,21.54459445056743
2012-09-07,20.985448615598834
2012-09-10,20.623633478375496
2012-09-11,20.6638857901625
2012-09-12,20.548237345158082
2012-09-13,20.191081942689237
2012-09-14,19.777453460191023
2012-09-17,19.54925089425978
2012-09-18,19.289353734938423
2012-09-19,18.997103567513836
2012-09-20,18.60176070850762
2012-09-21,18.293165670740603
2012-09-24,18.10898406252036
2012-09-25,17.97686330643762
2012-09-26,17.9479542401043
2012-09-27,18.17928657227577
2012-09-28,17.72604664062132
2012-10-01,17.907513059414356
2012-10-02,18.318196016214557
2012-10-03,18.299400555473873
2012-10-04,18.38704633611012
2012-10-05,18.254169546019718
2012-10-08,18.210410559273175
2012-10-09,18.194240661549664
2012-10-10,18.52571574047071
2012-10-11,18.56524388785292
2012-10-12,18.339121346039743
2012-10-15,18.496691461726527
2012-10-16,18.32980368508241
2012-10-17,17.982247109522532
2012-10-18,17.94244624623682
2012-10-19,17.836096939637045
2012-10-22,18.115237057203238
2012-10-23,18.008158747442586
2012-10-24,18.54510689431671
2012-10-25,18.44301333244805
2012-10-26,18.32664239296003
2012-10-31,18.415378796881814
2012-11-01,18.694445465914445
2012-11-02,18.632054364332365
2012-11-05,19.11365827141894
2012-11-06,19.40011874205556
2012-11-07,19.24002812342298
2012-11-08,19.707847683447422
2012-11-09,19.843708288526823
2012-11-12,19.991592558287124
2012-11-13,19.7385735437407
2012-11-14,19.760489690011877
2012-11-15,20.064675887558852
2012-11-16,20.12069199359356
2012-11-19,19.93668340122222
2012-11-20,19.4833976948913
2012-11-21,19.118162028634714
2012-11-23,19.25197138887771
2012-11-26,18.85631242275516
2012-11-27,18.57468827377993
2012-11-28,18.385253255420317
2012-11-29,18.165119347652286
2012-11-30,17.91798543178922
2012-12-03,17.64187038941413
2012-12-04,17.929042938228903
2012-12-05,17.97124645056102
2012-12-06,17.86714428812069
2012-12-07,18.01378973964044
2012-12-10,17.917015983186857
2012-12-11,17.85984621546484
2012-12-12,17.707439613630026
2012-12-13,17.87174406122524
2012-12-14,18.102259347949644
2012-12-17,18.243777633264013
2012-12-18,17.992061923253704
2012-12-19,17.617045275030247
2012-12-20,17.75238204352027
2012-12-21,17.894099230270662
2012-12-24,17.97568616499389
2012-12-26,18.18538845001898
2012-12-27,18.461875133803904
2012-12-28,18.58885308463375
2012-12-31,19.663965348757298
2013-01-02,18.510471888829784
2013-01-03,18.411306288421102
2013-01-04,18.455322987562933
2013-01-07,18.512956001474002
2013-01-08,18.432503919063898
2013-01-09,18.392093160072484
2013-01-10,18.393366388151655
2013-01-11,18.215126395086493
2013-01-14,18.071225722040314
2013-01-15,17.75400798290069
2013-01-16,17.23527028199036
2013-01-17,17.3393294601068
2013-01-18,17.302219994040435
2013-01-22,16.942845646617688
2013-01-23,16.535363236023553
2013-01-24,16.338184429743546
2013-01-25,16.12996049409146
2013-01-28,15.972451753406974
2013-01-29,15.808631143257559
2013-01-30,15.551293252583292
2013-01-31,15.572938386827559
2013-02-01,15.488527150722765
2013-02-04,15.674568839026557
2013-02-05,15.836067516238055
2013-02-06,15.807448020896803
2013-02-07,15.908765727932753
2013-02-08,16.008246490568972
2013-02-11,15.959238484138691
2013-02-12,15.896347772913284
2013-02-13,15.956175712559483
2013-02-14,16.021059331855376
2013-02-15,15.91101834955155
2013-02-19,15.886135352735606
2013-02-20,15.551201703513032
2013-02-21,15.761193442629208
2013-02-22,15.896207956630724
2013-02-25,15.69464295893718
2013-02-26,16.419125732530354
2013-02-27,16.39329054366122
2013-02-28,16.06437852233673
2013-03-01,16.266082046108693
2013-03-04,16.62014536881866
2013-03-05,16.396889080819022
2013-03-06,16.391798656588783
2013-03-07,16.4493980702559
2013-03-08,16.360758964618515
2013-03-11,16.33569626838764
2013-03-12,16.15002559989214
2013-03-13,16.054547372220007
2013-03-14,16.026993916387223
2013-03-15,15.999379017652043
2013-03-18,15.882070402282464
2013-03-19,15.988168791898074
2013-03-20,16.035987340890575
2013-03-21,15.815103776435583
2013-03-22,15.901724572630101
2013-03-25,15.891980891701138
2013-03-26,15.794481981364193
2013-03-27,15.836947409282198
2013-03-28,15.774407594879515
2013-04-01,15.66469163877113
2013-04-02,16.177288061349092
2013-04-03,16.131948008512655
2013-04-04,16.111695854427975
2013-04-05,16.17233977363132
2013-04-08,16.198188172579737
2013-04-09,16.023981302624563
2013-04-10,15.982718400643163
2013-04-11,15.86662180608014
2013-04-12,15.785429054345022
2013-04-15,15.701225262622536
2013-04-16,16.34964962508279
2013-04-17,15.86375644856146
2013-04-18,16.23185529551864
2013-04-19,16.47196585754309
2013-04-22,16.32847670472064
2013-04-23,16.103241923318016
2013-04-24,15.793754016217461
2013-04-25,15.82441890898914
2013-04-26,15.820850707220972
2013-04-29,15.890278859644308
2013-04-30,15.846127969019633
2013-05-01,15.585591642031483
2013-05-02,16.210926170988717
2013-05-03,15.96365696865817
2013-05-06,15.842880476654983
2013-05-07,15.663417343953808
2013-05-08,15.66501258156255
2013-05-09,15.802429681767316
2013-05-10,15.937853788149216
2013-05-13,16.058266913987726
2013-05-14,16.01699770206907
2013-05-15,16.047674084089554
2013-05-16,16.153083838820162
2013-05-17,16.09145427291619
2013-05-20,15.947779458735967
2013-05-21,16.07033546576107
2013-05-22,16.188523804524795
2013-05-23,16.237306903087678
2013-05-24,16.305646205635664
2013-05-28,16.366611554982303
2013-05-29,16.236020116027458
2013-05-30,16.227511621585666
2013-05-31,16.340095158177256
2013-06-03,16.578623621682848
2013-06-04,16.95850181690792
2013-06-05,16.956604165597177
2013-06-06,17.266545820431507
2013-06-07,17.26180542782388
2013-06-10,17.252532858699247
2013-06-11,17.243968687709263
2013-06-12,17.5282684448112
2013-06-13,17.976397124406095
2013-06-14,17.971614078136536
2013-06-17,18.227431806675632
2013-06-18,18.197951394727067
2013-06-19,18.113436991477354
2013-06-20,18.172765253806332
2013-06-21,18.567011391265883
2013-06-24,18.704696988910936
2013-06-25,19.2033093968066
2013-06-26,19.224718707330084
2013-06-27,19.164160217743884
2013-06-28,18.955995352422146
2013-07-01,18.944565135690862
2013-07-02,19.042825706296803
2013-07-03,19.286979230957638
2013-07-05,19.298219131335483
2013-07-08,19.037400251079635
2013-07-09,18.665397607661586
2013-07-10,18.531042184137355
2013-07-11,18.18746623145034
2013-07-12,17.980906889373276
2013-07-15,17.874421985131125
2013-07-16,17.681949920562413
2013-07-17,17.697096437159917
2013-07-18,17.449468436010843
2013-07-19,17.16288105415634
2013-07-22,16.816519459202166
2013-07-23,16.66000256566578
2013-07-24,16.57725543626219
2013-07-25,16.451766206324525
2013-07-26,16.344294804280413
2013-07-29,16.179250068599373
2013-07-30,16.065306896263188
2013-07-31,16.009754140003395
2013-08-01,15.775136645941812
2013-08-02,15.965152699875093
2013-08-05,15.740793971327458
2013-08-06,15.629319484396776
2013-08-07,15.76456366109302
2013-08-08,15.795333370955253
2013-08-09,15.759104708852822
2013-08-12,15.854653484538188
2013-08-13,15.784483230227837
2013-08-14,15.983433777892143
2013-08-15,15.961523133357455
2013-08-16,16.324366270882685
2013-08-19,16.224915768601107
2013-08-20,16.38107706698438
2013-08-21,16.45023247393393
2013-08-22,16.593464480810905
2013-08-23,16.31727581603123
2013-08-26,16.344008029133715
2013-08-27,16.5166617546903
2013-08-28,17.090477472233474
2013-08-29,17.21524810721647
2013-08-30,17.28926392981999
2013-09-03,17.348653939596243
2013-09-04,17.504205491161446
2013-09-05,17.486381690739716
2013-09-06,17.571745868959816
2013-09-09,17.726990431013324
2013-09-10,17.598671251682838
2013-09-11,17.53783051407396
2013-09-12,17.398520349449154
2013-09-13,17.234347279442044
2013-09-16,17.152762503071727
2013-09-17,16.983134242751238
2013-09-18,16.888008086157978
2013-09-19,16.55308520094483
2013-09-20,16.417957868537925
2013-09-23,16.319843525103032
2013-09-24,16.21976881101752
2013-09-25,16.230540759739057
2013-09-26,16.14670114068111
2013-09-27,16.03267966622762
2013-09-30,16.171162415670782
2013-10-01,16.30717982250018
2013-10-02,16.39770673363461
2013-10-03,16.62725667433231
2013-10-04,16.869220901705216
2013-10-07,16.833032169580395
2013-10-08,17.27682564599905
2013-10-09,17.543291573400044
2013-10-10,17.732228091887915
2013-10-11,17.394736765326044
2013-10-14,17.30367661913612
2013-10-15,17.403482514651802
2013-10-16,17.616796655642407
2013-10-17,17.212533169406054
2013-10-18,16.811610146283854
2013-10-21,16.66969080489494
2013-10-22,16.579841714098517
2013-10-23,16.42611043578897
2013-10-24,16.097630969771846
2013-10-25,15.695740623774455
2013-10-28,15.76315819922553
2013-10-29,15.658261553058814
2013-10-30,15.581819776087507
2013-10-31,15.325686525961615
2013-11-01,15.34492185117805
2013-11-04,16.017529610791506
2013-11-05,15.910288814016106
2013-11-06,16.069263207967683
2013-11-07,16.06553615297101
2013-11-08,16.29810440661271
2013-11-11,16.126842087846374
2013-11-12,16.196879630938987
2013-11-13,16.32195449448112
2013-11-14,16.345996972994623
2013-11-15,16.40250845342768
2013-11-18,16.436127714808162
2013-11-19,16.216754879865938
2013-11-20,16.249861232720175
2013-11-21,16.114245313436033
2013-11-22,15.966400487506261
2013-11-25,15.675684244854363
2013-11-26,15.622469181468762
2013-11-27,15.605132211627728
2013-11-29,15.394018847773271
2013-12-02,15.414546432633069
2013-12-03,15.679820137730097
2013-12-04,15.83705151284106
2013-12-05,15.775768397393403
2013-12-06,15.783328222976879
2013-12-09,15.651813913733257
2013-12-10,15.69782194717252
2013-12-11,15.78081805299328
2013-12-12,16.062964188156258
2013-12-13,16.1645851330784
2013-12-16,16.261799934625053
2013-12-17,16.416745774286277
2013-12-18,16.23818622523697
2013-12-19,15.918945733806163
2013-12-20,15.864475909754413
2013-12-23,15.80226598087684
2013-12-24,15.56977163796455
2013-12-26,15.396153810448807
2013-12-27,15.301396480825652
2013-12-30,15.242626187172876
2013-12-31,15.126257871967109
2014-01-02,14.920738537033197
2014-01-03,15.245803577496297
2014-01-06,15.179111317047807
2014-01-07,15.147497484732995
2014-01-08,15.142427057476263
2014-01-09,15.100901954323557
2014-01-10,15.091339318751741
2014-01-13,15.127605796222975
2014-01-14,15.338441889582873
2014-01-15,15.224801311622105
2014-01-16,15.242319966041558
2014-01-17,15.320006319871679
2014-01-21,15.197592909456452
2014-01-22,15.207038917994534
2014-01-23,14.978779877882838
2014-01-24,15.050675070064797
2014-01-27,15.548251371286351
2014-01-28,15.635542955418552
2014-01-29,15.41458724923776
2014-01-30,15.788963541617324
2014-01-31,15.9017512704354
2014-02-03,16.296747746170247
2014-02-04,16.69775759183564
2014-02-05,16.823311015121785
2014-02-06,17.052060699453175
2014-02-07,17.033324608545964
2014-02-10,16.89704415751775
2014-02-11,16.82452518108504
2014-02-12,16.69895969408892
2014-02-13,16.69389888925359
2014-02-14,16.5645296787597
2014-02-18,16.497641195381163
2014-02-19,16.260860672415337
2014-02-20,16.12650060475955
2014-02-21,15.787098808846338
2014-02-24,15.486002630373306
2014-02-25,15.405040895049181
2014-02-26,15.384921120566982
2014-02-27,15.422258648380277
2014-02-28,15.4543500186912
2014-03-03,15.552193192156814
2014-03-04,16.058824630330225
2014-03-05,15.838324895171347
2014-03-06,15.90532933270365
2014-03-07,15.90232127688594
2014-03-10,16.138663091115212
2014-03-11,16.096845578584528
2014-03-12,16.24687346230634
2014-03-13,16.315680408771478
2014-03-14,16.550575252203355
2014-03-17,16.7834767027807
2014-03-18,16.545034750425597
2014-03-19,16.387216593978142
2014-03-20,16.42221379190004
2014-03-21,16.327543720650038
2014-03-24,16.40150253434889
2014-03-25,16.462870602449193
2014-03-26,16.338283676565585
2014-03-27,16.483954872052657
2014-03-28,16.387354213254113
2014-03-31,16.263077566448267
2014-04-01,16.03896232137303
2014-04-02,16.07806058902793
2014-04-03,16.16499527475782
2014-04-04,16.091448752883352
2014-04-07,16.080352344919532
2014-04-08,16.19533869297574
2014-04-09,16.152850955317394
2014-04-10,16.065115998862137
2014-04-11,16.128931878202877
2014-04-14,16.437447378974063
2014-04-15,16.375839087065057
2014-04-16,16.402599920933717
2014-04-17,16.34424160355304
2014-04-21,16.18194077684948
2014-04-22,16.214591271662133
2014-04-23,16.066755207776875
2014-04-24,16.045477820317643
2014-04-25,16.057275629553956
2014-04-28,16.112221718780017
2014-04-29,16.031882912337778
2014-04-30,15.94435199618506
2014-05-01,15.794627666104263
2014-05-02,15.937810993159443
2014-05-05,15.94096305279959
2014-05-06,15.890148788510555
2014-05-07,15.977119243460324
2014-05-08,15.926794876189913
2014-05-09,16.05101130427776
2014-05-12,15.792576648902857
2014-05-13,15.6884185714289
2014-05-14,15.71108745586889
2014-05-15,15.709542547566459
2014-05-16,15.688377096801322
2014-05-19,15.612662777151945
2014-05-20,15.42003984716012
2014-05-21,15.366770524383389
2014-05-22,15.199755832816159
2014-05-23,15.219309389775592
2014-05-27,15.124586961991023
2014-05-28,14.968177655518257
2014-05-29,14.969627074507896
2014-05-30,14.933418291839756
2014-06-02,14.932913513681502
2014-06-03,15.13348053039192
2014-06-04,15.114821981323377
2014-06-05,15.091812121863084
2014-06-06,14.872264804917009
2014-06-09,14.657669566673004
2014-06-10,14.605960511360976
2014-06-11,14.575478228530672
2014-06-12,14.601761404002463
2014-06-13,14.803320680925198
2014-06-16,14.649639162088212
2014-06-17,14.60124024614788
2014-06-18,14.432806660179333
2014-06-19,14.13933242071935
2014-06-20,14.102393559113453
2014-06-23,14.086631238820207
2014-06-24,14.10701988036425
2014-06-25,14.093195401378242
2014-06-26,13.945943711965228
2014-06-27,13.852568616350176
2014-06-30,13.681171766099325
2014-07-01,13.563023614931454
2014-07-02,13.760965176382031
2014-07-03,13.754128098840626
2014-07-07,13.689154281716666
2014-07-08,13.77192079367411
2014-07-09,13.757069205234888
2014-07-10,13.734231950643073
2014-07-11,13.832226105745308
2014-07-14,13.757824232480012
2014-07-15,13.649787788416191
2014-07-16,13.717765870700342
2014-07-17,13.74142066031621
2014-07-18,13.930980513607741
2014-07-21,13.7993775822892
2014-07-22,13.86666486985494
2014-07-23,13.706862712007688
2014-07-24,13.797899357016208
2014-07-25,13.922248980354468
2014-07-28,14.000939035705082
2014-07-29,13.924122386464667
2014-07-30,14.078416931471605
2014-07-31,14.184710974752445
2014-08-01,14.609405828555825
2014-08-04,15.002455004757072
2014-08-05,14.895926720467463
2014-08-06,15.242945808035657
2014-08-07,15.450926833367834
2014-08-08,15.712666467401577
2014-08-11,15.77088684422623
2014-08-12,15.742011076288614
2014-08-13,15.815432501004357
2014-08-14,15.678154064969663
2014-08-15,15.566530779813364
2014-08-18,15.369319544011994
2014-08-19,15.138644678757185
2014-08-20,15.09809291521102
2014-08-21,14.946583483566203
2014-08-22,14.727365934334406
2014-08-25,14.461918917212047
2014-08-26,14.322355663753438
2014-08-27,14.289448837804585
2014-08-28,14.263411759213312
2014-08-29,14.283749630985499
2014-09-02,14.28185334861951
2014-09-03,14.643012168826095
2014-09-04,14.745542784014857
2014-09-05,14.726362251421564
2014-09-08,14.680837859403914
2014-09-09,14.681970179042656
2014-09-10,14.84496632244575
2014-09-11,14.89813706856446
2014-09-12,14.934482969270762
2014-09-15,15.062696805442329
2014-09-16,15.196197576943478
2014-09-17,15.096835812638956
2014-09-18,14.953082816110909
2014-09-19,14.856018849151457
2014-09-22,14.843127663072627
2014-09-23,15.204084035458175
2014-09-24,15.35571508375865
2014-09-25,15.195679560118856
2014-09-26,15.540949906911525
2014-09-29,15.524515566157213
2014-09-30,15.795344475540817
2014-10-01,15.94384505333034
2014-10-02,16.203137179824687
2014-10-03,16.189192788220403
2014-10-06,16.20506423959483
2014-10-07,16.282709550204334
2014-10-08,16.734259222634897
2014-10-09,16.2885350347255
2014-10-10,16.702611179332756
2014-10-13,17.44196422170674
2014-10-14,18.234022191124062
2014-10-15,17.87530969691168
2014-10-16,18.649098812272747
2014-10-17,18.461554513228897
2014-10-20,18.423612989192012
2014-10-21,18.353652737733572
2014-10-22,18.178659478477446
2014-10-23,18.362189397883455
2014-10-24,18.220452950538125
2014-10-27,18.151458269437704
2014-10-28,18.033537638480567
2014-10-29,17.534345045465603
2014-10-30,17.45953666280148
2014-10-31,16.942662279320526
2014-11-03,16.573575916216658
2014-11-04,16.711895702672972
2014-11-05,16.65872097702266
2014-11-06,16.575515394977007
2014-11-07,16.339416045125944
2014-11-10,16.317601171207432
2014-11-11,16.11537323627192
2014-11-12,16.071799786070514
2014-11-13,16.1405867209758
2014-11-14,16.26251704513972
2014-11-17,16.128731592817516
2014-11-18,16.107569351380135
2014-11-19,15.960010972579562
2014-11-20,16.049617453001787
2014-11-21,15.889307221586868
2014-11-24,15.916143560784457
2014-11-25,15.83816750769097
2014-11-26,15.864864765309862
2014-11-28,15.794279848489685
2014-12-01,15.877273274399588
2014-12-02,16.492649807087478
2014-12-03,16.12850555936475
2014-12-04,16.16930912209099
2014-12-05,16.124697155409923
2014-12-08,16.085976672222795
2014-12-09,16.41851963715606
2014-12-10,16.467595295825227
2014-12-11,17.09876407094784
2014-12-12,17.639517724625456
2014-12-15,17.785357983718885
2014-12-16,17.971178340486574
2014-12-17,18.136077897475445
2014-12-18,17.871773241174658
2014-12-19,17.837954342949804
2014-12-22,17.79009307441821
2014-12-23,17.767989977447655
2014-12-24,17.7001187248585
2014-12-26,17.671220899276612
2014-12-29,17.46087314258493
2014-12-30,17.26242851585543
2014-12-31,17.193476698830214
2015-01-02,17.385274513879953
2015-01-05,17.409083556031977
2015-01-06,17.890204433290993
2015-01-07,18.109054016123093
2015-01-08,17.947498808660868
2015-01-09,17.728114117459246
2015-01-12,18.14864470413567
2015-01-13,18.542900811760042
2015-01-14,18.891518476883135
2015-01-15,19.04873974825497
2015-01-16,19.54310075733526
2015-01-20,19.403402104800946
2015-01-21,19.473648351602076
2015-01-22,19.10319164279722
2015-01-23,18.64036529629664
2015-01-26,18.771626863090003
2015-01-27,18.532561891869534
2015-01-28,18.66034574266375
2015-01-29,19.323590813082454
2015-01-30,18.822193238251625
2015-02-02,19.397581879432476
2015-02-03,19.108950377420914
2015-02-04,18.979717741644354
2015-02-05,19.217244476405064
2015-02-06,19.01527706109032
2015-02-09,19.432518397445072
2015-02-10,19.589924037353164
2015-02-11,19.468371026394497
2015-02-12,19.539905809367944
2015-02-13,19.018260262923913
2015-02-17,19.089229104348085
2015-02-18,18.91566886573032
2015-02-19,18.879489520221966
2015-02-20,18.831320074964683
2015-02-23,18.428158260005407
2015-02-24,18.41707797735424
2015-02-25,18.122930116202767
2015-02-26,17.96278689236344
2015-02-27,17.777056348701358
2015-03-02,17.5935172865119
2015-03-03,17.605216566183937
2015-03-04,17.597840977862134
2015-03-05,17.502677008798678
2015-03-06,17.423384075220067
2015-03-09,17.618231711832976
2015-03-10,17.53558903970405
2015-03-11,17.82317564939566
2015-03-12,18.071702499117173
2015-03-13,17.706967413712213
2015-03-16,17.947016723799226
2015-03-17,17.9397564124452
2015-03-18,17.894194519708858
2015-03-19,17.67624509002052
2015-03-20,17.78224813855404
2015-03-23,17.71021975117652
2015-03-24,17.68347692177243
2015-03-25,17.739702231528828
2015-03-26,17.72860141862282
2015-03-27,17.59024752459909
2015-03-30,17.58681481492492
2015-03-31,17.470114518961662
2015-04-01,17.583653840549157
2015-04-02,17.78607255151529
2015-04-06,17.789877202685645
2015-04-07,17.66998441143589
2015-04-08,17.724694162453005
2015-04-09,17.60678702801793
2015-04-10,17.4133329765056
2015-04-13,17.09958627557879
2015-04-14,17.21290604640398
2015-04-15,17.087653865843468
2015-04-16,17.065515327373323
2015-04-17,16.816099814339683
2015-04-20,16.880697564686848
2015-04-21,16.664180554498337
2015-04-22,16.528547091841507
2015-04-23,16.455182562395052
2015-04-24,16.342995715338677
2015-04-27,16.253536949237052
2015-04-28,16.39284319106662
2015-04-29,16.20042391359462
2015-04-30,16.338178979695506
2015-05-01,16.363027489023608
2015-05-04,16.504206236706427
2015-05-05,16.402292563411635
2015-05-06,16.673055552980646
2015-05-07,16.752255364207937
2015-05-08,16.719553719139757
2015-05-11,16.659443862908972
2015-05-12,16.778200257076307
2015-05-13,16.809625839324642
2015-05-14,16.84848378087406
2015-05-15,16.753734864252102
2015-05-18,16.63807231463795
2015-05-19,16.406402316829876
2015-05-20,16.392333011240417
2015-05-21,16.20332664138841
2015-05-22,16.005468800065724
2015-05-26,16.039694253232874
2015-05-27,16.052639390758163
2015-05-28,15.803076332317891
2015-05-29,15.81137585746588
2015-06-01,15.770605226604559
2015-06-02,15.95945598611778
2015-06-03,16.075381741761515
2015-06-04,16.05746269704996
2015-06-05,16.20049101985584
2015-06-08,16.260500551660925
2015-06-09,16.410429383392405
2015-06-10,16.34412706313228
2015-06-11,16.228587804355904
2015-06-12,16.149130148001333
2015-06-15,16.252730534146735
2015-06-16,16.41394426061396
2015-06-17,16.33315913333458
2015-06-18,16.245208843744155
2015-06-19,16.12134055460701
2015-06-22,16.183907694919434
2015-06-23,15.92346448676838
2015-06-24,15.695891525808912
2015-06-25,15.717547885603231
2015-06-26,15.831512622750473
2015-06-29,15.716559740516326
2015-06-30,16.45595735072872
2015-07-01,16.435094705105904
2015-07-02,16.13832074939345
2015-07-06,16.52422912046848
2015-07-07,16.749143180111453
2015-07-08,16.52631491519326
2015-07-09,17.164341583553185
2015-07-10,17.500559240543385
2015-07-13,17.28547838018319
2015-07-14,16.913892440120943
2015-07-15,16.92416902869982
2015-07-16,16.683532039532388
2015-07-17,16.41294587271812
2015-07-20,16.475832391912967
2015-07-21,16.187884524056184
2015-07-22,16.07170232900896
2015-07-23,15.95181418710541
2015-07-24,15.647843451187734
2015-07-27,15.593457519113429
2015-07-28,15.754436867649087
2015-07-29,15.480893652062509
2015-07-30,15.432835245361918
2015-07-31,15.269216145032656
2015-08-03,15.371028021199889
2015-08-04,15.579554677520248
2015-08-05,15.722695102494882
2015-08-06,15.719917073271624
2015-08-07,15.820289303488515
2015-08-10,15.760207045504782
2015-08-11,15.657873253409859
2015-08-12,15.850961670324217
2015-08-13,15.80810960349232
2015-08-14,15.804694883218454
2015-08-17,15.789866903381746
2015-08-18,15.832434330088525
2015-08-19,15.899840652407407
2015-08-20,15.951167816558979
2015-08-21,16.420696013662443
2015-08-24,17.02448070558484
2015-08-25,17.817310106790167
2015-08-26,16.14628038572616
2015-08-27,15.298194197027259
2015-08-28,14.364852537674267
2015-08-31,14.358283297386032
2015-09-01,12.802349555383653
2015-09-02,13.417806009543455
2015-09-03,20.044114505318824
2015-09-04,21.960304058271234
2015-09-08,23.354921440656966
2015-09-09,23.147987366063226
2015-09-10,23.034961196108004
2015-09-11,22.78236828726805
2015-09-14,22.845025630357423
2015-09-15,22.884131085875037
2015-09-16,22.15301215399477
2015-09-17,21.653362123430195
2015-09-18,21.48362849789193
2015-09-21,21.563688782481684
2015-09-22,21.14032262772503
2015-09-23,20.931932152113408
2015-09-24,20.7604963856499
2015-09-25,20.72046193990794
2015-09-28,20.841316245789702
2015-09-29,21.24846512689228
2015-09-30,21.240351606286232
2015-10-01,21.288302993975684
2015-10-02,21.087259985081044
2015-10-05,20.886334281860393
2015-10-06,20.396087477471877
2015-10-07,20.65796908486351
2015-10-08,20.254399388290206
2015-10-09,20.127785423471085
2015-10-12,19.893036416661833
2015-10-13,19.595850430040056
2015-10-14,19.2738962520602
2015-10-15,19.050245308870682
2015-10-16,18.45974677288162
2015-10-19,18.25611572701728
2015-10-20,17.792569537010497
2015-10-21,17.966306785112884
2015-10-22,18.12815453684968
2015-10-23,17.485566331608403
2015-10-26,17.51351335385528
2015-10-27,17.539485027694887
2015-10-28,17.47240713590545
2015-10-29,17.151340509229918
2015-10-30,16.973716019380774
2015-11-02,17.1880834932946
2015-11-03,17.18932102711358
2015-11-04,17.44508993004883
2015-11-05,17.61165998510862
2015-11-06,17.316600092334006
2015-11-09,17.34407686521523
2015-11-10,17.654568120856222
2015-11-11,17.396723669537604
2015-11-12,17.598775547564067
2015-11-13,18.186136816916484
2015-11-16,18.67101750213139
2015-11-17,18.209726426090366
2015-11-18,18.372040804383857
2015-11-19,18.24363723747333
2015-11-20,18.422076257427673
2015-11-23,18.250138508937997
2015-11-24,18.167769153050937
2015-11-25,18.316916784784812
2015-11-27,18.194016948146245
2015-11-30,18.294722004850893
2015-12-01,17.983273733774453
2015-12-02,17.81249899209546
2015-12-03,18.00695475653758
2015-12-04,18.30196874918772
2015-12-07,17.971677651154483
2015-12-08,17.90987943394269
2015-12-09,18.266437361139307
2015-12-10,18.539002038118635
2015-12-11,18.604934525056706
2015-12-14,19.558749792886324
2015-12-15,19.31185701206447
2015-12-16,19.099520484351785
2015-12-17,18.866291949027293
2015-12-18,19.31695078101655
2015-12-21,19.703473050270716
2015-12-22,19.383458848814637
2015-12-23,19.153479985249287
2015-12-24,19.120303970456572
2015-12-28,19.08257917866688
2015-12-29,18.859533617332247
2015-12-30,18.42543530559755
2015-12-31,18.650403459026087
2016-01-04,18.666448107588135
2016-01-05,18.96766832352849
2016-01-06,18.789535386291004
2016-01-07,18.866374008323398
2016-01-08,19.587929856275174
2016-01-11,20.07750544676051
2016-01-12,20.015140885422102
2016-01-13,19.95644476456099
2016-01-14,20.767303385823695
2016-01-15,20.925749971839366
2016-01-19,21.719828901833253
2016-01-20,21.893819906330993
2016-01-21,22.317396548176045
2016-01-22,22.789558278990285
2016-01-25,22.287734129445283
2016-01-26,22.688373285470693
2016-01-27,22.301732068324196
2016-01-28,22.656580345569825
2016-01-29,22.61708265412973
2016-02-01,22.095695806635952
2016-02-02,22.022736414492556
2016-02-03,22.132705829052213
2016-02-04,22.05222676759404
2016-02-05,22.037912747394582
2016-02-08,22.078001747291193
2016-02-09,22.5606168961023
2016-02-10,22.56086004754799
2016-02-11,22.86847677467049
2016-02-12,23.220425574141135
2016-02-16,23.293856998063358
2016-02-17,23.224208842804522
2016-02-18,23.19447316712429
2016-02-19,23.166438870620404
2016-02-22,23.096971436439894
2016-02-23,22.699936276894213
2016-02-24,22.85000190678226
2016-02-25,22.697635193819192
2016-02-26,22.240657022086847
2016-02-29,22.242237694543086
2016-03-01,22.0296501992633
2016-03-02,21.42058301261052
2016-03-03,21.278605436557
2016-03-04,20.885003422696037
2016-03-07,20.850443069097384
2016-03-08,20.672340578987153
2016-03-09,20.871339278716256
2016-03-10,20.563449457428362
2016-03-11,20.470325817819237
2016-03-14,20.174193037035092
2016-03-15,19.921005975707967
2016-03-16,19.787800388935025
2016-03-17,19.605514594566994
2016-03-18,19.40401046527122
2016-03-21,19.313006810447252
2016-03-22,19.07733038800415
2016-03-23,18.91122734294442
2016-03-24,19.00086282033862
2016-03-28,18.831858060708974
2016-03-29,18.652757213994725
2016-03-30,18.344096157494747
2016-03-31,18.114062492470822
2016-04-01,18.02041077378395
2016-04-04,18.064650616976145
2016-04-05,18.191719625125717
2016-04-06,18.433621843492993
2016-04-07,18.23656151892376
2016-04-08,18.77563987396071
2016-04-11,18.573509966341057
2016-04-12,18.752965872396512
2016-04-13,18.60313562826734
2016-04-14,18.52798040175087
2016-04-15,18.611424915524612
2016-04-18,18.626891019871266
2016-04-19,18.26442888237208
2016-04-20,18.335854696966503
2016-04-21,18.22757393011215
2016-04-22,18.468429884269785
2016-04-25,18.14510241531601
2016-04-26,18.099016938293808
2016-04-27,17.83411524523828
2016-04-28,17.689116099956717
2016-04-29,17.982195275085548
2016-05-02,18.25350479915747
2016-05-03,18.373725869081934
2016-05-04,18.802445340086248
2016-05-05,18.958905346959472
2016-05-06,19.099296961718558
2016-05-09,18.868839075989623
2016-05-10,18.931743777498756
2016-05-11,18.756934347134692
2016-05-12,19.0306006428331
2016-05-13,19.003859086617194
2016-05-16,19.18127834513499
2016-05-17,18.891890807335177
2016-05-18,19.12917395200642
2016-05-19,19.054675995204867
2016-05-20,19.017523493922962
2016-05-23,18.799495470617867
2016-05-24,18.814874042901415
2016-05-25,18.531012581479995
2016-05-26,18.50296722992681
2016-05-27,18.314399685770308
2016-05-31,18.222050248362105
2016-06-01,17.981668931792687
2016-06-02,18.278926184437214
2016-06-03,18.087537263728073
2016-06-06,17.94199678064059
2016-06-07,17.876884143732333
2016-06-08,17.856578773676397
2016-06-09,17.786766860718423
2016-06-10,17.988763524706098
2016-06-13,18.333613430723382
2016-06-14,19.18782429857714
2016-06-15,19.304694256037568
2016-06-16,19.411759914648364
2016-06-17,19.395758524355447
2016-06-20,19.507762036999132
2016-06-21,19.36984539101994
2016-06-22,19.44213501327559
2016-06-23,19.612948718179133
2016-06-24,19.076450199517748
2016-06-27,21.08710741779116
2016-06-28,21.54681194266493
2016-06-29,19.680604781045155
2016-06-30,19.24319701586663
2016-07-01,19.03618119007895
2016-07-05,19.451299888256006
2016-07-06,19.340840480113815
2016-07-07,19.32034315377554
2016-07-08,19.2666467139895
2016-07-11,18.851186886663548
2016-07-12,19.044059080930296
2016-07-13,18.387090543967197
2016-07-14,17.825002604774447
2016-07-15,17.974201616148495
2016-07-18,17.98058355878217
2016-07-19,17.814446277575303
2016-07-20,17.60634751507844
2016-07-21,17.361560843495898
2016-07-22,17.572914169851433
2016-07-25,17.426146408664223
2016-07-26,17.425581927510006
2016-07-27,17.293421588106348
2016-07-28,17.231776730721876
2016-07-29,17.100788689586
2016-08-01,16.879351858666226
2016-08-02,17.37588956504931
2016-08-03,17.60693870324467
2016-08-04,17.57679497904167
2016-08-05,17.468085392368295
2016-08-08,17.26973794327162
2016-08-09,17.17761663942359
2016-08-10,16.98597596679451
2016-08-11,17.085082715331833
2016-08-12,16.94370890827829
2016-08-15,16.965006528194536
2016-08-16,16.94955397607729
2016-08-17,16.924390109116686
2016-08-18,16.74415485539088
2016-08-19,16.636064486450323
2016-08-22,16.582631580228913
2016-08-23,16.633183030605743
2016-08-24,16.64481444458908
2016-08-25,16.733796483847183
2016-08-26,16.718393425072627
2016-08-29,16.747910821047743
2016-08-30,16.67756454168364
2016-08-31,16.677574805226957
2016-09-01,16.62627479870769
2016-09-02,17.09275959285836
2016-09-06,17.07880367684213
2016-09-07,17.01462598092681
2016-09-08,16.93461541073033
2016-09-09,17.12289378229535
2016-09-12,17.760013001948227
2016-09-13,17.518959401277453
2016-09-14,17.944344396692617
2016-09-15,18.215836086208913
2016-09-16,18.192576396703803
2016-09-19,18.06991418279464
2016-09-20,17.96193610687666
2016-09-21,18.045374652755033
2016-09-22,17.862132745675762
2016-09-23,17.6258155360121
2016-09-26,17.69267624499459
2016-09-27,17.626287467554782
2016-09-28,17.43779398926114
2016-09-29,17.221024915335416
2016-09-30,17.153066490273012
2016-10-03,17.00252468071574
2016-10-04,17.021259145405264
2016-10-05,16.922204818073723
2016-10-06,16.940405253450127
2016-10-07,16.95306922290455
2016-10-10,17.033708746616032
2016-10-11,16.8944693176709
2016-10-12,17.07677137211904
2016-10-13,17.158730370514817
2016-10-14,17.32231526364003
2016-10-17,17.294887723460675
2016-10-18,17.23256886074824
2016-10-19,17.149850997925704
2016-10-20,16.99433456228016
2016-10-21,16.935626756285757
2016-10-24,16.8086040506096
2016-10-25,16.656620088359453
2016-10-26,16.727653784249373
2016-10-27,16.66404529082093
2016-10-28,16.719464580587324
2016-10-31,16.720184741882253
2016-11-01,16.84944709072065
2016-11-02,17.46240331023948
2016-11-03,17.631154682004862
2016-11-04,17.825601152144458
2016-11-07,17.926035255444923
2016-11-08,17.599036991237856
2016-11-09,17.797493620443507
2016-11-10,17.649497629183998
2016-11-11,17.80165593239103
2016-11-14,17.75123612299027
2016-11-15,17.80797506098701
2016-11-16,17.633072112719642
2016-11-17,17.431838626655978
2016-11-18,17.208810988410875
2016-11-21,16.930197084057685
2016-11-22,16.47181607551276
2016-11-23,16.53931862343857
2016-11-25,16.579430976262394
2016-11-28,16.468558030898333
2016-11-29,16.405671396166692
2016-11-30,16.338256019808753
2016-12-01,16.23491868071616
2016-12-02,16.719293350138468
2016-12-05,16.78891096130547
2016-12-06,16.56974111337192
2016-12-07,16.52140525037118
2016-12-08,16.502919383901805
2016-12-09,16.636099778542988
2016-12-12,16.47291296848857
2016-12-13,16.610779807269054
2016-12-14,16.69483548501493
2016-12-15,16.60775322754017
2016-12-16,16.58873169513358
2016-12-19,16.47594807717734
2016-12-20,16.16558849212631
2016-12-21,16.079886719944096
2016-12-22,16.05798629459119
2016-12-23,16.063990425735334
2016-12-27,16.01703271870955
2016-12-28,15.964091372420052
2016-12-29,16.08107050007275
2016-12-30,16.093237790603137
2017-01-03,16.116004897165574
2017-01-04,16.303241204239843
2017-01-05,16.07556546750495
2017-01-06,16.089918033823523
2017-01-09,16.019469307422067
2017-01-10,15.968398660207088
2017-01-11,15.996339242578992
2017-01-12,15.872441116397741
2017-01-13,15.98808842787366
2017-01-17,15.9017462631819
2017-01-18,15.858351401774025
2017-01-19,15.659982175655001
2017-01-20,15.569296159746505
2017-01-23,15.418746141005142
2017-01-24,15.359053379142406
2017-01-25,15.02501486641553
2017-01-26,14.827258687665712
2017-01-27,14.752345333611332
2017-01-30,14.686670621659788
2017-01-31,14.6146481432013
2017-02-01,14.544397537561757
2017-02-02,14.77568227377085
2017-02-03,14.80125044148311
2017-02-06,14.702156807512292
2017-02-07,14.716041527419707
2017-02-08,14.843747731536693
2017-02-09,14.901129821978584
2017-02-10,15.019976894528982
2017-02-13,15.022799735336298
2017-02-14,14.99697853077493
2017-02-15,14.712355246779907
2017-02-16,14.714961898888099
2017-02-17,14.634161476233384
2017-02-21,14.598652319291102
2017-02-22,14.616764817818567
2017-02-23,14.542248817061415
2017-02-24,14.811876938756116
2017-02-27,14.78770757713448
2017-02-28,14.765501385675481
2017-03-01,14.773581036180907
2017-03-02,15.025213154025238
2017-03-03,15.28361374015763
2017-03-06,15.184031387101745
2017-03-07,15.20926819341209
2017-03-08,15.339745061832094
2017-03-09,15.247158948398289
2017-03-10,15.381609910687818
2017-03-13,15.220074226227974
2017-03-14,15.148454925499546
2017-03-15,15.124345824449748
2017-03-16,15.07533033309392
2017-03-17,14.817490438101677
2017-03-20,14.669567015971767
2017-03-21,14.62055426154417
2017-03-22,14.629158936717655
2017-03-23,14.545438893841064
2017-03-24,14.573722667297295
2017-03-27,14.45369131182833
2017-03-28,14.263379858157329
2017-03-29,14.086436489985015
2017-03-30,13.964460800287696
2017-03-31,13.826708697372467
2017-04-03,13.88080055908027
2017-04-04,14.089455803254019
2017-04-05,14.052769217087823
2017-04-06,14.125708652471756
2017-04-07,14.0811232049172
2017-04-10,14.170589452907581
2017-04-11,14.209325366913347
2017-04-12,14.352710147581112
2017-04-13,14.53475747816866
2017-04-17,14.71059581576561
2017-04-18,14.541892584826067
2017-04-19,14.55325245694524
2017-04-20,14.679812346737496
2017-04-21,14.487274390808155
2017-04-24,14.42614699843914
2017-04-25,14.212008562764153
2017-04-26,14.006903486144829
2017-04-27,13.937366156872274
2017-04-28,13.76818433916443
2017-05-01,13.636583701393576
2017-05-02,13.526901814972835
2017-05-03,13.575087363110171
2017-05-04,13.580648711328429
2017-05-05,13.467645813921422
2017-05-08,13.461288988169631
2017-05-09,13.483302195776336
2017-05-10,13.485854566119789
2017-05-11,13.585723455572367
2017-05-12,13.589165451276404
2017-05-15,13.567395620414839
2017-05-16,13.559198763602568
2017-05-17,13.422892756012129
2017-05-18,13.973960204953402
2017-05-19,14.02985405297571
2017-05-22,13.606068208863343
2017-05-23,13.456874850720968
2017-05-24,13.581053033935389
2017-05-25,13.362430688570758
2017-05-26,13.340948710571595
2017-05-30,13.327337017437221
2017-05-31,13.132253227485078
2017-06-01,13.10785851854077
2017-06-02,13.310044872893881
2017-06-05,13.273300243102755
2017-06-06,13.146151959480271
2017-06-07,13.276226073320965
2017-06-08,13.327339091376599
2017-06-09,13.200252072284979
2017-06-12,13.234805326051458
2017-06-13,13.311214739487909
2017-06-14,13.276742872010617
2017-06-15,13.281437111915396
2017-06-16,13.295026756944067
2017-06-19,13.17692059038218
2017-06-20,13.044828057596487
2017-06-21,13.065514020271866
2017-06-22,12.990975903839873
2017-06-23,12.913219119177166
2017-06-26,12.820610256201075
2017-06-27,12.65811998223255
2017-06-28,12.817485054768703
2017-06-29,12.670469642968955
2017-06-30,12.691034731183013
2017-07-03,12.645953039686972
2017-07-05,13.132218478246003
2017-07-06,13.274301470883723
2017-07-07,13.523269888953555
2017-07-10,13.42713203399371
2017-07-11,13.371975465709705
2017-07-12,13.466905573842375
2017-07-13,13.47188592958544
2017-07-14,13.433950311160594
2017-07-17,13.36731642189262
2017-07-18,13.332936055473086
2017-07-19,13.39088308807828
2017-07-20,13.22752650000419
2017-07-21,13.090097031987957
2017-07-24,13.003455655924986
2017-07-25,12.85793472950485
2017-07-26,12.819794138050595
2017-07-27,12.710141335313658
2017-07-28,12.66493292123153
2017-07-31,12.695889607136728
2017-08-01,12.580150529918809
2017-08-02,12.817765378584342
2017-08-03,12.876725824251661
2017-08-04,13.046870476188898
2017-08-07,13.079546895741387
2017-08-08,13.067617516099206
2017-08-09,13.26349844548943
2017-08-10,13.356458207452105
2017-08-11,14.033337931511495
2017-08-14,14.271159863137772
2017-08-15,13.817988162162983
2017-08-16,14.006854649828066
2017-08-17,13.957896460688973
2017-08-18,14.447865973883179
2017-08-21,14.619929248181657
2017-08-22,14.486214995735144
2017-08-23,14.125301521137217
2017-08-24,14.40405235043487
2017-08-25,14.406220917455778
2017-08-28,14.184975999913831
2017-08-29,14.011441902555786
2017-08-30,14.160881063936475
2017-08-31,14.162108587267413
2017-09-01,14.065981207633524
2017-09-05,14.15038231667029
2017-09-06,14.164419162153509
2017-09-07,14.241098491205642
2017-09-08,14.415173824059881
2017-09-11,14.45045556502737
2017-09-12,14.23026161245678
2017-09-13,14.20983235756423
2017-09-14,14.086485171773187
2017-09-15,14.136377917675272
2017-09-18,14.008786137344375
2017-09-19,13.841931901415766
2017-09-20,13.77801371437958
2017-09-21,13.670961103712488
2017-09-22,13.483798710201276
2017-09-25,13.568421409440639
2017-09-26,13.438102857626644
2017-09-27,13.316951041429078
2017-09-28,13.307050520894114
2017-09-29,13.237842742422506
2017-10-02,13.150727882630338
2017-10-03,13.22340381105357
2017-10-04,13.211733811913065
2017-10-05,13.26394891208665
2017-10-06,13.199579314952802
2017-10-09,13.226362233852468
2017-10-10,13.234612932175784
2017-10-11,13.121962188056399
2017-10-12,13.015663764840081
2017-10-13,13.020047219208337
2017-10-16,12.888397326745704
2017-10-17,12.840702588013908
2017-10-18,12.719006773703212
2017-10-19,12.68750686124664
2017-10-20,12.522477147161409
2017-10-23,12.460026148061456
2017-10-24,12.486253186259422
2017-10-25,12.466578585266033
2017-10-26,12.48684756582289
2017-10-27,12.513106589602367
2017-10-30,12.347313874593457
2017-10-31,12.400750501880845
2017-11-01,12.372135169397431
2017-11-02,12.772117940109807
2017-11-03,12.858144898932384
2017-11-06,12.999572668690428
2017-11-07,13.03696629973397
2017-11-08,13.12688492872183
2017-11-09,13.146576239161158
2017-11-10,13.210044746943675
2017-11-13,13.404454022185801
2017-11-14,13.628013752515876
2017-11-15,13.728966577073079
2017-11-16,13.948079505365618
2017-11-17,13.815687367738885
2017-11-20,13.797836206715708
2017-11-21,13.609712527049277
2017-11-22,13.461796267945846
2017-11-24,13.448919166426084
2017-11-27,13.33441521436785
2017-11-28,13.433697978979088
2017-11-29,13.176566228040237
2017-11-30,13.178132646736083
2017-12-01,13.19341039490919
2017-12-04,13.39242403877908
2017-12-05,13.347354427883939
2017-12-06,13.454106733136577
2017-12-07,13.500215014018933
2017-12-08,13.45942421066953
2017-12-11,13.35410812537533
2017-12-12,13.324688256299456
2017-12-13,13.312417325668184
2017-12-14,13.332090429689549
2017-12-15,13.263300621612757
2017-12-18,13.128715195130917
2017-12-19,12.891744755512327
2017-12-20,12.807933442356704
2017-12-21,12.683854585332494
2017-12-22,12.483671598673187
2017-12-26,12.518341289685626
2017-12-27,12.429483110773894
2017-12-28,12.338632796150494
2017-12-29,12.29848295890021
2018-01-02,12.395213086167374
2018-01-03,12.538900283959794
2018-01-04,12.40320421510062
2018-01-05,12.549547622801443
2018-01-08,12.575957112266403
2018-01-09,12.482819958331396
2018-01-10,12.552553509226144
2018-01-11,12.446539297927126
2018-01-12,12.4842738964054
2018-01-16,12.43694005575309
2018-01-17,12.622987556350074
2018-01-18,12.638136570857426
2018-01-19,12.664962200462103
2018-01-22,12.583607461544576
2018-01-23,12.531163117391207
2018-01-24,12.644977129817766
2018-01-25,12.653987879992263
2018-01-26,12.731186946933141
2018-01-29,12.827064081437694
2018-01-30,13.263215130965163
2018-01-31,13.399496133514695
2018-02-01,13.267510323818339
2018-02-02,13.414257336159352
2018-02-05,14.013177942911843
2018-02-06,12.015976497722257
2018-02-07,17.04763200311979
2018-02-08,21.476345561735247
2018-02-09,30.0897909991097
2018-02-12,22.367176073494736
2018-02-13,19.866642501275145
2018-02-14,18.992900550278012
2018-02-15,18.490253262699504
2018-02-16,18.047734279714568
2018-02-20,18.071327453444347
2018-02-21,18.52307739300228
2018-02-22,17.905602489625846
2018-02-23,17.934940137258135
2018-02-26,17.640459846657457
2018-02-27,17.043101555822872
2018-02-28,17.29707166715632
2018-03-01,17.44499283060541
2018-03-02,17.560461635536484
2018-03-05,17.56234910755095
2018-03-06,17.52078360790621
2018-03-07,17.64149909220686
2018-03-08,17.54609098041422
2018-03-09,17.405904429113185
2018-03-12,17.052398352267478
2018-03-13,17.251255261049547
2018-03-14,17.373612565818632
2018-03-15,17.468970048104673
2018-03-16,17.27059883201021
2018-03-19,17.082502409203475
2018-03-20,17.19421172490971
2018-03-21,17.205717481725706
2018-03-22,17.096120158440232
2018-03-23,17.57682727856858
2018-03-26,17.99459087539986
2018-03-27,17.858597673022185
2018-03-28,18.37565023759331
2018-03-29,18.621497345569843
2018-04-02,18.476125320507606
2018-04-03,18.655553842251283
2018-04-04,18.84396817110604
2018-04-05,18.787385887255017
2018-04-06,18.725053031075483
2018-04-09,19.106915866280474
2018-04-10,19.091051777785513
2018-04-11,18.903826494568683
2018-04-12,19.10332680126811
2018-04-13,18.8112195470055
2018-04-16,18.49903702991508
2018-04-17,18.285737107739283
2018-04-18,17.876502371836008
2018-04-19,17.726252319862766
2018-04-20,17.64387688685699
2018-04-23,17.641144725791076
2018-04-24,17.454482775865525
2018-04-25,17.375723106546893
2018-04-26,17.416338108052493
2018-04-27,16.980675551345964
2018-04-30,16.872051480691077
2018-05-01,16.851327988668913
2018-05-02,16.78581136235195
2018-05-03,16.874769963182697
2018-05-04,16.889310103087738
2018-05-07,16.86251978124004
2018-05-08,16.82481384779593
2018-05-09,16.824206099998058
2018-05-10,16.598276521727428
2018-05-11,16.169543135909556
2018-05-14,16.009506474137748
2018-05-15,15.855588836594503
2018-05-16,15.93582747090701
2018-05-17,15.726422475518358
2018-05-18,15.569173641530359
2018-05-21,15.474617018301187
2018-05-22,15.182965869882022
2018-05-23,15.13307609083485
2018-05-24,14.934062969165998
2018-05-25,14.789212933215456
2018-05-29,14.805980805020196
2018-05-30,15.397219547602486
2018-05-31,15.403745403533993
2018-06-01,15.350360773375998
2018-06-04,15.311141591209617
2018-06-05,15.135965215479587
2018-06-06,14.999113619478237
2018-06-07,15.01506856783024
2018-06-08,15.025575121351366
2018-06-11,14.974914599644858
2018-06-12,14.969197019684234
2018-06-13,14.966483171665956
2018-06-14,14.853738094641212
2018-06-15,14.711480288387586
2018-06-18,14.565557893609355
2018-06-19,14.422113816698397
2018-06-20,14.587303288290896
2018-06-21,14.58552984417588
2018-06-22,14.852863657077636
2018-06-25,14.810376250576427
2018-06-26,15.309942396104733
2018-06-27,15.314568206138425
2018-06-28,15.684234687977089
2018-06-29,15.623238006446226
2018-07-02,15.741786037364964
2018-07-03,15.980033907899656
2018-07-05,16.33404373329229
2018-07-06,16.26549696030263
2018-07-09,16.19509754605086
2018-07-10,15.860451750765709
2018-07-11,15.847107240639241
2018-07-12,15.829619626498367
2018-07-13,15.638368431332841
2018-07-16,15.413269555777605
2018-07-17,15.343533858961484
2018-07-18,15.199002420186114
2018-07-19,15.055735965805832
2018-07-20,15.02508459758098
2018-07-23,14.900463224141182
2018-07-24,14.86770539873386
2018-07-25,14.868442677842056
2018-07-26,14.87968644682072
2018-07-27,14.882545914398257
2018-07-30,15.024085485730241
2018-07-31,15.262451219869904
2018-08-01,15.02180996958425
2018-08-02,15.375669506175084
2018-08-03,15.34881465780957
2018-08-06,15.328060086184019
2018-08-07,15.235382521062636
2018-08-08,15.090464222686718
2018-08-09,15.039436636717197
2018-08-10,15.109259456571717
2018-08-13,15.349078815047829
2018-08-14,15.460334834184792
2018-08-15,15.26793495854019
2018-08-16,15.49822359917482
2018-08-17,15.326711852954498
2018-08-20,15.13327843739924
2018-08-21,15.038953583676788
2018-08-22,15.192924884817138
2018-08-23,15.159093844886288
2018-08-24,15.25261384721752
2018-08-27,15.199446674739644
2018-08-28,15.175267512839739
2018-08-29,15.166369118952549
2018-08-30,15.071685413693265
2018-08-31,15.265391328010761
2018-09-04,15.030121269761866
2018-09-05,15.342541332858202
2018-09-06,15.474417311151127
2018-09-07,15.682809952735806
2018-09-10,15.8245755663233
2018-09-11,15.694398404640225
2018-09-12,15.52732870112445
2018-09-13,15.526703622119946
2018-09-14,15.405343711662074
2018-09-17,15.311400868693529
2018-09-18,15.454993596201053
2018-09-19,15.416346231241178
2018-09-20,15.343083683723599
2018-09-21,15.176839217001104
2018-09-24,15.129648710416697
2018-09-25,15.024558195197615
2018-09-26,14.983391254957715
2018-09-27,15.0995455764588
2018-09-28,14.964960554301607
2018-10-01,14.970056346629171
2018-10-02,15.016627104427178
2018-10-03,15.020621243105763
2018-10-04,14.976410158988836
2018-10-05,15.152319204045144
2018-10-08,15.238717325347356
2018-10-09,15.412168045407093
2018-10-10,15.450959974937845
2018-10-11,16.29689793880429
2018-10-12,16.377174117703078
2018-10-15,16.430741361282067
2018-10-16,16.72260991999598
2018-10-17,16.655448540139062
2018-10-18,16.7872570556282
2018-10-19,17.250403134356006
2018-10-22,17.509284188965115
2018-10-23,17.66860574908572
2018-10-24,17.95110029862899
2018-10-25,18.613239354412073
2018-10-26,18.640637496560803
2018-10-29,18.755651195599505
2018-10-30,19.137293210003087
2018-10-31,19.049250955507432
2018-11-01,19.17951294320841
2018-11-02,19.197977271326213
2018-11-05,19.284944364929913
2018-11-06,19.214377438970196
2018-11-07,19.00396385133838
2018-11-08,18.743072274587828
2018-11-09,18.567827398814963
2018-11-12,18.632109018966407
2018-11-13,18.695194626321268
2018-11-14,18.647627848445346
2018-11-15,18.893517809811815
2018-11-16,18.779188599289338
2018-11-19,18.58360932813844
2018-11-20,18.903494974282502
2018-11-21,19.248406019942255
2018-11-23,19.347064766870414
2018-11-26,19.595376039254276
2018-11-27,19.428598713349608
2018-11-28,19.258886127485592
2018-11-29,19.026714564320418
2018-11-30,19.099976803068575
2018-12-03,18.818052089251875
2018-12-04,18.609880967923157
2018-12-06,19.062715716377994
2018-12-07,18.98570159665193
2018-12-10,19.259137648577955
2018-12-11,19.264401879353017
2018-12-12,19.29301627472925
2018-12-13,19.3605968506233
2018-12-14,19.384062721136715
2018-12-17,19.708020327223096
2018-12-18,20.013302259963268
2018-12-19,20.509012050645882
2018-12-20,20.90713843328614
2018-12-21,21.082030684043634
2018-12-24,21.549239372962596
2018-12-26,21.746421359683865
2018-12-27,21.69789172784693
2018-12-28,21.92542511936631
2018-12-31,22.19150359599008
2019-01-02,22.068265865612073
2019-01-03,21.806796410192383
2019-01-04,22.057804375039673
2019-01-07,21.581456239037283
2019-01-08,21.384012058991935
2019-01-09,21.29855591176371
2019-01-10,20.977184817430444
2019-01-11,20.78959139782456
2019-01-14,20.533703549280098
2019-01-15,20.18925811541623
2019-01-16,19.802784208753877
2019-01-17,19.597021834068993
2019-01-18,19.413241821397353
2019-01-22,19.097209631322418
2019-01-23,19.382336349937052
2019-01-24,19.21344232959751
2019-01-25,19.101592466870528
2019-01-28,18.74862409061793
2019-01-29,18.88650663117959
2019-01-30,18.786848900784896
2019-01-31,18.608705431202765
2019-02-01,18.300541215233803
2019-02-04,18.270175263077515
2019-02-05,18.05006948730988
2019-02-06,17.89223608547834
2019-02-07,17.64509929283418
2019-02-08,17.535553318130486
2019-02-11,17.390518279363473
2019-02-12,17.320608339845297
2019-02-13,17.07786939037044
2019-02-14,16.88387101493867
2019-02-15,17.00680869254673
2019-02-19,16.81353356274686
2019-02-20,16.75678211027506
2019-02-21,16.4924518949282
2019-02-22,16.641194591284396
2019-02-25,16.38197101315658
2019-02-26,16.345862609565074
2019-02-27,16.343922101087834
2019-02-28,16.325347556410726
2019-03-01,16.24650976232701
2019-03-04,16.15692504671725
2019-03-05,16.16666231316374
2019-03-06,16.168305216927386
2019-03-07,16.377709955219068
2019-03-08,16.50818962468376
2019-03-11,16.63474959796374
2019-03-12,16.427566659821956
2019-03-13,16.32697277995771
2019-03-14,16.126570427390607
2019-03-15,16.17244275946062
2019-03-18,16.02803827303755
2019-03-19,16.111447800567525
2019-03-20,16.072602126427608
2019-03-21,16.117171635482357
2019-03-22,15.93219190677509
2019-03-25,16.40290409683429
2019-03-26,16.358671212407636
2019-03-27,16.24157195582517
2019-03-28,16.46055960295833
2019-03-29,16.29427426353511
2019-04-01,16.283972942206848
2019-04-02,16.384286180386365
2019-04-03,16.497337873206934
2019-04-04,16.4180840976337
2019-04-05,16.413384164199464
2019-04-08,16.345946275532164
2019-04-09,16.163111155322365
2019-04-10,16.27176301035835
2019-04-11,16.19137817934153
2019-04-12,16.009594438088897
2019-04-15,15.896540069788363
2019-04-16,15.82605454565484
2019-04-17,15.76368791195889
2019-04-18,15.760167326525648
2019-04-22,15.694573231007109
2019-04-23,15.577701814531803
2019-04-24,15.477447449392322
2019-04-25,15.5833589051476
2019-04-26,15.616215477271956
2019-04-29,15.482453878273626
2019-04-30,15.513956123268516
2019-05-01,15.61301111131826
2019-05-02,15.970114935488718
2019-05-03,16.116112986675017
2019-05-06,15.87913263041595
2019-05-07,16.19362607968949
2019-05-08,16.7613393292329
2019-05-09,16.81080733728445
2019-05-10,16.948833860009437
2019-05-13,16.672645930311784
2019-05-14,17.50974017130312
2019-05-15,17.413722332637246
2019-05-16,17.402935212595413
2019-05-17,17.20612878033876
2019-05-20,17.303324236266974
2019-05-21,17.4828775665573
2019-05-22,17.2523150760567
2019-05-23,17.03320799903447
2019-05-24,17.395922950868872
2019-05-28,17.26804778413318
2019-05-29,17.409628343308075
2019-05-30,17.421209568367853
2019-05-31,17.424706211404597
2019-06-03,17.70910847797551
2019-06-04,17.718327992999054
2019-06-05,17.59498240046382
2019-06-06,17.45545703866107
2019-06-07,17.434234994965223
2019-06-10,17.50176880008499
2019-06-11,17.307501980386323
2019-06-12,17.442777233328606
2019-06-13,17.295147601945583
2019-06-14,17.197290636602713
2019-06-17,17.173227260302333
2019-06-18,17.032828478891606
2019-06-19,16.922423531190134
2019-06-20,16.748452714215613
2019-06-21,16.785288832404955
2019-06-24,16.979070676883183
2019-06-25,16.876163917161897
2019-06-26,16.996406059920893
2019-06-27,16.980942314712358
2019-06-28,16.862733500822312
2019-07-01,16.697326901927298
2019-07-02,16.643865325656154
2019-07-03,16.51215230907477
2019-07-05,16.412261210097157
2019-07-08,16.423312013716277
2019-07-09,16.47028979126692
2019-07-10,16.43225613583679
2019-07-11,16.27369373041547
2019-07-12,16.13200614266298
2019-07-15,16.06491147985838
2019-07-16,15.98924180543323
2019-07-17,16.082806593602363
2019-07-18,16.18717797341553
2019-07-19,16.228330999658514
2019-07-22,16.363541595383985
2019-07-23,16.313463081994446
2019-07-24,16.18969525040403
2019-07-25,15.941080712052688
2019-07-26,16.145336226838957
2019-07-29,15.95109989760588
2019-07-30,16.034222373504033
2019-07-31,16.214000674929565
2019-08-01,16.501539727501363
2019-08-02,16.758230644723124
2019-08-05,16.91619372520598
2019-08-06,17.55196059391239
2019-08-07,17.36582128115491
2019-08-08,17.51726473182228
2019-08-09,17.55243177524797
2019-08-12,17.81292675071751
2019-08-13,18.44320984137115
2019-08-14,18.20155055401109
2019-08-15,19.05480127401336
2019-08-16,19.147981069354486
2019-08-19,18.99837546440639
2019-08-20,18.65002092931042
2019-08-21,18.596284002884133
2019-08-22,18.407223253793823
2019-08-23,18.397737760402126
2019-08-26,19.053362987044473
2019-08-27,19.02535560833418
2019-08-28,19.197473019558114
2019-08-29,19.244603184409996
2019-08-30,18.79150503509437
2019-09-03,18.87749173603938
2019-09-04,19.013508857944938
2019-09-05,18.912936521490323
2019-09-06,18.69529422555968
2019-09-09,18.63524436461886
2019-09-10,18.575596839356056
2019-09-11,18.356984274856213
2019-09-12,18.260684605641313
2019-09-13,17.966593868831996
2019-09-16,17.90762992651354
2019-09-17,17.938344668680646
2019-09-18,17.84250467898734
2019-09-19,17.594736764002548
2019-09-20,17.548389775955506
2019-09-23,17.886187024489747
2019-09-24,17.697597147506215
2019-09-25,17.98725663832944
2019-09-26,17.925647379941516
2019-09-27,18.074722523909905
2019-09-30,18.394617232337232
2019-10-01,18.133943916249876
2019-10-02,18.43572818701572
2019-10-03,18.810841025198034
2019-10-04,18.757029088705597
2019-10-07,18.50903103851709
2019-10-08,18.58341537241466
2019-10-09,18.98031382310623
2019-10-10,18.920541659123973
2019-10-11,18.789313174779792
2019-10-14,18.629119517610174
2019-10-15,18.348352160499942
2019-10-16,18.23826628700585
2019-10-17,18.133449935673475
2019-10-18,17.8343350923921
2019-10-21,17.808917666307437
2019-10-22,17.712267194227596
2019-10-23,17.647920867232646
2019-10-24,17.386302167554323
2019-10-25,17.290733071744636
2019-10-28,17.030725109184427
2019-10-29,17.056656523612343
2019-10-30,17.068963396179086
2019-10-31,16.807241513150878
2019-11-01,16.851711980279056
2019-11-04,17.093206417771093
2019-11-05,17.097245354594385
2019-11-06,17.187245510822155
2019-11-07,17.178566775894865
2019-11-08,17.054221682238403
2019-11-11,17.075868145969192
2019-11-12,17.039554683024
2019-11-13,17.09256946265012
2019-11-14,17.06826347743078
2019-11-15,17.07584683288806
2019-11-18,16.90687512707086
2019-11-19,16.862200459737938
2019-11-20,16.777610704267243
2019-11-21,16.806990531729323
2019-11-22,16.849336566975218
2019-11-25,16.60416473528942
2019-11-26,16.470873071191328
2019-11-27,16.366629662804876
2019-11-29,16.346356742433866
2019-12-02,16.356228970277225
2019-12-03,17.08486769786154
2019-12-04,17.39829235712076
2019-12-05,17.26303655416024
2019-12-06,17.33447396067259
2019-12-09,17.202481675419616
2019-12-10,17.441718614354563
2019-12-11,17.463331832725245
2019-12-12,17.52053741651161
2019-12-13,17.41534859165738
2019-12-16,17.283718273018255
2019-12-17,17.23431732265643
2019-12-18,16.95390495992215
2019-12-19,16.826260529825323
2019-12-20,16.669593874803923
2019-12-23,16.66138669106424
2019-12-24,16.584155980104224
2019-12-26,16.503476765395288
2019-12-27,16.411235607601505
2019-12-30,16.580248781673422
2019-12-31,16.73836272143616
2020-01-02,16.573835771796453
2020-01-03,16.546259837232878
2020-01-06,16.66067883214338
2020-01-07,16.671579680583626
2020-01-08,16.67368708724776
2020-01-09,16.48862515996297
2020-01-10,16.349526714790485
2020-01-13,16.372085358932804
2020-01-14,16.270497979443835
2020-01-15,16.085753728229253
2020-01-16,15.932376568985797
2020-01-17,15.82316776103972
2020-01-21,15.767811176001846
2020-01-22,15.653745774928003
2020-01-23,15.657185418937784
2020-01-24,15.53823979920013
2020-01-27,15.769668177338357
2020-01-28,16.27916519339489
2020-01-29,16.152669055321933
2020-01-30,16.16880916055238
2020-01-31,16.123014011772955
2020-02-03,16.66176411908735
2020-02-04,16.76844874442293
2020-02-05,16.587971243960148
2020-02-06,16.56997427559918
2020-02-07,16.5896074716147
2020-02-10,16.753839652527567
2020-02-11,16.651745650769104
2020-02-12,16.569967895290716
2020-02-13,16.435008350200757
2020-02-14,16.460292565715754
2020-02-18,16.334645624928527
2020-02-19,16.373173205104575
2020-02-20,16.285463122599772
2020-02-21,16.432089244569916
2020-02-24,16.701449542196617
2020-02-25,17.62768217417376
2020-02-26,17.95562037277389
2020-02-27,17.842064641776744
2020-02-28,16.58199398655078
2020-03-02,15.153958547034563
2020-03-03,17.346332993283266
2020-03-04,17.69733450760807
2020-03-05,19.355756841803796
2020-03-06,20.673968905877828
2020-03-09,22.07767676967742
2020-03-10,23.07358379361439
2020-03-11,23.516379765548113
2020-03-12,21.099567935170015
2020-03-13,48.78685150608436
2020-03-16,25.87827924072681
2020-03-17,50.556967390803536
2020-03-18,72.60820309995431
2020-03-19,83.6727869480855
2020-03-20,70.11145732224355
2020-03-23,63.85409213494072
2020-03-24,47.475099672195206
2020-03-25,40.27335872891091
2020-03-26,46.169912692864926
2020-03-27,37.57935965539651
2020-03-30,46.83592062120123
2020-03-31,46.01711015914574
2020-04-01,46.57113099489453
2020-04-02,46.82524649448106
2020-04-03,44.945318501504545
2020-04-06,40.14251419603991
2020-04-07,37.16826722139169
2020-04-08,37.95792043878294
2020-04-09,37.943702545900344
2020-04-13,36.776602282582985
2020-04-14,36.64156707192576
2020-04-15,35.41345662079889
2020-04-16,34.82696449314166
2020-04-17,34.53723908382735
2020-04-20,33.621988089178025
2020-04-21,34.534167727006995
2020-04-22,35.49656750108123
2020-04-23,35.29105496817557
2020-04-24,35.342751062848436
2020-04-27,34.6341044626025
2020-04-28,34.03637806923618
2020-04-29,34.22365117362417
2020-04-30,33.625914031191094
2020-05-01,33.89532719724825
2020-05-04,34.16404339463228
2020-05-05,34.16383300432033
2020-05-06,33.50850740770724
2020-05-07,33.20427453154618
2020-05-08,32.48243408837323
2020-05-11,31.43672678501941
2020-05-12,30.868482934552546
2020-05-13,31.816466235303892
2020-05-14,32.33754175259625
2020-05-15,32.09158473381015
2020-05-18,31.87690438295835
2020-05-19,30.964391201038545
2020-05-20,31.29642149396361
2020-05-21,30.745467644717674
2020-05-22,30.99781583277344
2020-05-26,30.833612578076078
2020-05-27,30.71948474079608
2020-05-28,30.63241235132138
2020-05-29,30.743596200951636
2020-06-01,30.088100593035797
2020-06-02,30.154717963626013
2020-06-03,29.814515565175938
2020-06-04,29.548845471727404
2020-06-05,29.21499680124252
2020-06-08,28.662008730925105
2020-06-09,28.469947280524647
2020-06-10,28.71389958854661
2020-06-11,28.547727909254007
2020-06-12,32.357952096582984
2020-06-15,30.989419831301962
2020-06-16,30.89728385530977
2020-06-17,31.066861822297458
2020-06-18,31.299686563525647
2020-06-19,31.630032428090576
2020-06-22,32.612721048781445
2020-06-23,31.85669517017092
2020-06-24,32.182812816791994
2020-06-25,33.145843579552356
2020-06-26,32.828058378933946
2020-06-29,32.88789123182679
2020-06-30,32.36371333126038
2020-07-01,32.03387622672168
2020-07-02,31.526186341657166
2020-07-06,31.168231159698486
2020-07-07,31.008133253942717
2020-07-08,30.869858372317832
2020-07-09,30.864193684650637
2020-07-10,31.008460836723682
2020-07-13,30.650911274552893
2020-07-14,31.609926236067267
2020-07-15,30.671909294721594
2020-07-16,30.552491791372596
2020-07-17,30.58501881272545
2020-07-20,30.228343383601512
2020-07-21,29.828366785291877
2020-07-22,29.885784656479334
2020-07-23,29.675484498451112
2020-07-24,30.013550121984657
2020-07-27,29.95975009743297
2020-07-28,29.73895310531852
2020-07-29,29.358138822827478
2020-07-30,29.220060170629868
2020-07-31,29.297180446565353
2020-08-03,29.052014555111185
2020-08-04,30.014756953501124
2020-08-05,29.849293219430088
2020-08-06,29.947810368420306
2020-08-07,29.93431520811952
2020-08-10,29.89434341793184
2020-08-11,29.67788827478861
2020-08-12,30.20384286956224
2020-08-13,29.7773131574093
2020-08-14,29.850251880500036
2020-08-17,29.871883270837092
2020-08-18,29.487952279656668
2020-08-19,29.145248110784237
2020-08-20,29.288046532938015
2020-08-21,29.067724088693755
2020-08-24,29.161804433903153
2020-08-25,29.090298721712067
2020-08-26,29.093088219239515
2020-08-27,29.226327023791878
2020-08-28,29.726605771154418
2020-08-31,29.995485306647797
2020-09-01,30.661567931965173
2020-09-02,30.467973863461037
2020-09-03,31.252796014500017
2020-09-04,32.04772364353573
2020-09-08,31.91933612082009
2020-09-09,31.495979439818864
2020-09-10,31.46337320290352
2020-09-11,31.43316625181782
2020-09-14,31.332454977260035
2020-09-15,31.00146552196146
2020-09-16,31.048771322928552
2020-09-17,30.855371218752303
2020-09-18,30.765443994009935
2020-09-21,30.547908337007378
2020-09-22,30.459489539549406
2020-09-23,30.62821299639416
2020-09-24,31.231484998077327
2020-09-25,31.559866321302948
2020-09-28,31.403729063447503
2020-09-29,31.64272498283736
2020-09-30,31.48802526021417
2020-10-01,31.958141609344874
2020-10-02,31.227331677914712
2020-10-05,31.615791503844388
2020-10-06,31.199605713154373
2020-10-07,31.212672403017436
2020-10-08,30.896025103309228
2020-10-09,30.34517196651568
2020-10-12,29.60931669993303
2020-10-13,29.244760450287938
2020-10-14,28.91789738087013
2020-10-15,28.504585614127958
2020-10-16,28.171376722026956
2020-10-19,28.206320967662254
2020-10-20,28.263092487638044
2020-10-21,28.26425722587064
2020-10-22,28.026624333854308
2020-10-23,27.848304583621424
2020-10-26,27.906973147805772
2020-10-27,28.777206423606707
2020-10-28,29.14713153245863
2020-10-29,30.793268533333265
2020-10-30,30.376701601061022
2020-11-02,31.20788647976825
2020-11-03,30.423767337764026
2020-11-04,30.023906395691824
2020-11-05,29.578823168756905
2020-11-06,29.586923860996297
2020-11-09,29.384080705427472
2020-11-10,28.982461618230673
2020-11-11,28.841610354206455
2020-11-12,28.548662243297446
2020-11-13,27.623097829465472
2020-11-16,27.053502895428807
2020-11-17,25.997986268213566
2020-11-18,25.727865569363516
2020-11-19,25.768807540171956
2020-11-20,25.615930412239166
2020-11-23,25.39396667949611
2020-11-24,25.291545443484416
2020-11-25,25.30682243028783
2020-11-27,25.021615988179413
2020-11-30,25.076882287742677
2020-12-01,24.70919712660078
2020-12-02,24.89020528526343
2020-12-03,24.774176288537625
2020-12-04,24.858111705451137
2020-12-07,24.656715203171945
2020-12-08,24.661671122874782
2020-12-09,24.460859062029442
2020-12-10,24.6205292579446
2020-12-11,24.668560807827046
2020-12-14,25.019838103385553
2020-12-15,25.28792083413297
2020-12-16,25.206495171518355
2020-12-17,25.077041726918726
2020-12-18,25.114056181555558
2020-12-21,25.262460691413327
2020-12-22,25.9692199161432
2020-12-23,25.90136009544615
2020-12-24,25.760670708910357
2020-12-28,25.544700683379975
2020-12-29,25.52315982443114
2020-12-30,25.77619751434124
2020-12-31,25.42852071814781
2021-01-04,25.51734872946124
2021-01-05,26.02607716232392
2021-01-06,25.97328345737924
2021-01-07,25.846368075829375
2021-01-08,25.44369295432917
2021-01-11,25.228857198191992
2021-01-12,25.785723189647356
2021-01-13,25.642713187469635
2021-01-14,25.50798631006333
2021-01-15,25.57403887088951
2021-01-19,25.908153193905434
2021-01-20,25.894903444875705
2021-01-21,25.72172073127825
2021-01-22,25.64375492137565
2021-01-25,25.817992116667124
2021-01-26,26.306731759329715
2021-01-27,26.364204885483517
2021-01-28,27.990700968588175
2021-01-29,28.02472346882343
2021-02-01,28.79581407569036
2021-02-02,28.554314682199106
2021-02-03,28.407182662889788
2021-02-04,28.331761629615052
2021-02-05,28.305487009044686
2021-02-08,28.346305892022237
2021-02-09,28.488288288714266
2021-02-10,28.547801820018204
2021-02-11,28.895858793306374
2021-02-12,28.347448434882033
2021-02-16,28.09906522847327
2021-02-17,27.784184384169933
2021-02-18,27.82328195924145
2021-02-19,27.91175198877352
2021-02-22,27.651589740163818
2021-02-23,27.996117925524235
2021-02-24,27.75929600444479
2021-02-25,27.318437343605655
2021-02-26,28.430340651314275
2021-03-01,27.82348706900859
2021-03-02,27.59418470347914
2021-03-03,27.722333285443497
2021-03-04,27.91787482667213
2021-03-05,28.305747174656272
2021-03-08,27.698024007496027
2021-03-09,27.941863699923175
2021-03-10,27.63305959161214
2021-03-11,27.6648330258625
2021-03-12,27.52889929148533
2021-03-15,27.254403731157602
2021-03-16,26.778286643619342
2021-03-17,26.73903959874263
2021-03-18,26.257497364101653
2021-03-19,26.257631426121975
2021-03-22,25.778212996630227
2021-03-23,25.203390233717165
2021-03-24,25.14563641881299
2021-03-25,24.958998112074365
2021-03-26,24.562979888108742
2021-03-29,24.06136984925158
2021-03-30,23.93401001103694
2021-03-31,23.620125362649663
2021-04-01,23.256772873729684
2021-04-05,23.360322368063976
2021-04-06,22.905577403622157
2021-04-07,22.803641952993523
2021-04-08,22.631340607506313
2021-04-09,22.349667776779693
2021-04-12,22.25447546289416
2021-04-13,22.100022727936263
2021-04-14,22.096085082617726
2021-04-15,22.052616637614676
2021-04-16,21.955774897214418
2021-04-19,21.686752210632896
2021-04-20,21.89261909699795
2021-04-21,22.066010591140774
2021-04-22,21.685003931792373
2021-04-23,22.078913282885967
2021-04-26,21.904879600033514
2021-04-27,21.85716347551515
2021-04-28,21.669948013395317
2021-04-29,21.686949184545735
2021-04-30,21.612222099769482
2021-05-03,21.824934400911193
2021-05-04,22.27953001942334
2021-05-05,22.398797795670184
2021-05-06,22.313092351494618
2021-05-07,22.417703366875795
2021-05-10,21.977171988259283
2021-05-11,22.235514282418553
2021-05-12,22.8195213857668
2021-05-13,24.0422178142152
2021-05-14,23.618574004730114
2021-05-17,23.074513765913597
2021-05-18,23.27626585821375
2021-05-19,23.495272657301285
2021-05-20,23.66824092726513
2021-05-21,23.454692804872227
2021-05-24,23.42536339523273
2021-05-25,23.150381024401767
2021-05-26,23.172192815203395
2021-05-27,22.63643807716643
2021-05-28,21.907229584874276
2021-06-01,21.750939797391112
2021-06-02,22.244097948230717
2021-06-03,22.068029961833158
2021-06-04,21.988459131194617
2021-06-07,21.523957788653785
2021-06-08,21.35741413124487
2021-06-09,21.271094747006646
2021-06-10,21.372542214535795
2021-06-11,20.9117217349576
2021-06-14,20.749537094889195
2021-06-15,20.894171901307303
2021-06-16,20.96836880913146
2021-06-17,20.888649838734867
2021-06-18,20.81865736540281
2021-06-21,21.205195606190642
2021-06-22,20.87303630204083
2021-06-23,20.6842296831835
2021-06-24,20.43227829276737
2021-06-25,20.14987420972403
2021-06-28,20.037484885365178
2021-06-29,20.055022267732173
2021-06-30,20.128571916415925
2021-07-01,19.97275183756927
2021-07-02,20.276664635923794
2021-07-06,20.34577242369666
2021-07-07,20.16590953506582
2021-07-08,20.309033033344498
2021-07-09,20.72948265619358
2021-07-12,20.494859368465892
2021-07-13,20.700250396871173
2021-07-14,20.791296606966142
2021-07-15,20.865502516236898
2021-07-16,21.032255776824883
2021-07-19,21.264321194547744
2021-07-20,22.148174594786635
2021-07-21,21.79498588800149
2021-07-22,21.518560638424674
2021-07-23,21.63425473991064
2021-07-26,21.45049644668846
2021-07-27,21.571413378448884
2021-07-28,21.764300998857873
2021-07-29,21.69984957323571
2021-07-30,21.64756492812019
2021-08-02,21.83462283615599
2021-08-03,22.484862375102225
2021-08-04,22.033992102119424
2021-08-05,22.079623545937107
2021-08-06,22.047366385614602
2021-08-09,21.824320314349862
2021-08-10,21.83363428909946
2021-08-11,21.77940257697252
2021-08-12,21.60046545397812
2021-08-13,21.41415594097047
2021-08-16,21.330945761866193
2021-08-17,21.278076444069875
2021-08-18,21.300258600993107
2021-08-19,21.767934507701963
2021-08-20,21.867105349893016
2021-08-23,21.58414123432811
2021-08-24,21.45786105086146
2021-08-25,21.335509227770064
2021-08-26,21.286617845957032
2021-08-27,21.574077916291774
2021-08-30,21.320824087099407
2021-08-31,21.323347792961204
2021-09-01,21.23794730376284
2021-09-02,21.40533725609532
2021-09-03,21.269022083385693
2021-09-07,21.251679398066766
2021-09-08,21.432896619336613
2021-09-09,21.49513492040479
2021-09-10,21.61613802360504
2021-09-13,21.892639819827114
2021-09-14,21.614109259909124
2021-09-15,21.933035559048747
2021-09-16,21.945954014983187
2021-09-17,21.93067022761194
2021-09-20,22.314959492346624
2021-09-21,23.017301435747793
2021-09-22,22.964896464027063
2021-09-23,22.694972193855275
2021-09-24,22.404615066331754
2021-09-27,22.181034879999885
2021-09-28,22.061982041733547
2021-09-29,22.76464793975184
2021-09-30,22.93408599466848
2021-10-01,23.045619165323576
2021-10-04,23.14572213873973
2021-10-05,23.293393682222156
2021-10-06,22.86437573843474
2021-10-07,22.83203611042518
2021-10-08,22.75233765659156
2021-10-11,22.722246582570584
2021-10-12,22.831345995671082
2021-10-13,22.81465735984034
2021-10-14,22.484403072712173
2021-10-15,22.13231387042622
2021-10-18,22.087107254689048
2021-10-19,21.797405230954528
2021-10-20,21.605706892444655
2021-10-21,21.409186494152035
2021-10-22,21.11188315084645
2021-10-25,21.15450290386024
2021-10-26,20.863670831787132
2021-10-27,20.811353159108233
2021-10-28,20.929496438934013
2021-10-29,20.712415539845917
2021-11-01,20.73676626869986
2021-11-02,21.39748927134948
2021-11-03,21.21832161864607
2021-11-04,21.02805674772425
2021-11-05,21.306714561217458
2021-11-08,21.534765648518636
2021-11-09,21.52405363072467
2021-11-10,21.805611899653886
2021-11-11,21.934709654701344
2021-11-12,21.95947513710024
2021-11-15,21.87263453962443
2021-11-16,21.9373504916425
2021-11-17,21.87277832226543
2021-11-18,21.965726787741083
2021-11-19,22.141789973007196
2021-11-22,22.28855822051597
2021-11-23,22.362746768041735
2021-11-24,22.317294187622032
2021-11-26,22.172595847849152
2021-11-29,24.17095572128164
2021-11-30,23.124611157202228
2021-12-01,24.517167633777195
2021-12-02,25.158947572050902
2021-12-03,25.146191974991613
2021-12-06,25.868574063897828
2021-12-07,25.64353369535544
2021-12-08,25.08820096001535
2021-12-09,24.87892925949041
2021-12-10,25.089074688926267
2021-12-13,24.790833646241982
2021-12-14,24.738632705069502
2021-12-15,25.020527562491992
2021-12-16,24.4692784971858
2021-12-17,24.298366839633868
2021-12-20,24.338261481872863
2021-12-21,24.200349290188626
2021-12-22,23.87448355123417
2021-12-23,23.6616612262375
2021-12-27,23.614631899015393
2021-12-28,23.332477169172613
2021-12-29,23.230723341389755
2021-12-30,22.821907331267816
2021-12-31,22.718466985247403
2022-01-03,22.61992930778739
2022-01-04,22.842397842333686
2022-01-05,22.666600193548494
2022-01-06,22.895804916722316
2022-01-07,22.92586301788158
2022-01-10,22.782364932278234
2022-01-11,22.663506969149488
2022-01-12,22.491393560535766
2022-01-13,22.536101619932314
